post_id,title,selftext,score,upvote_ratio,num_comments,created_utc,subreddit,url,permalink,author,post_awards_count
1k80go8,Face Punching Iconic Characters,"Nobody was really punched during filming!  
Images created in Midjourney.  
Video created in HiggsfieldAI.  
YT version here: [https://youtu.be/2fLM\_CMaKdM](https://youtu.be/2fLM_CMaKdM)",2121,0.96,79,2025-04-26T00:40:34+00:00,aivideo,https://v.redd.it/qy1tsaz2s2xe1,https://www.reddit.com/r/aivideo/comments/1k80go8/face_punching_iconic_characters/,Cloud_Reviews,0
1k9e8ag,Face Punching Iconic Characters Part 2,"Nobody was really ""punched"" during filming!  
Images created in Midjourney.  
Video created in HiggsfieldAI.  
YT version here: [https://youtu.be/7NAb72Te\_3w](https://youtu.be/7NAb72Te_3w)",924,0.96,62,2025-04-27T20:54:14+00:00,aivideo,https://v.redd.it/28epqmejxfxe1,https://www.reddit.com/r/aivideo/comments/1k9e8ag/face_punching_iconic_characters_part_2/,Cloud_Reviews,0
1kk1nhs,Animated some GTA VI Screenshots,"Rockstar released a new trailer and some screenshots for GTA VI and I just had to try animating some of them. Used Kling and Higgsfield AI, Eleven labs for sounds and Udio for the music. ",884,0.96,60,2025-05-11T13:59:00+00:00,aivideo,https://v.redd.it/q9sqpbr2s50f1,https://www.reddit.com/r/aivideo/comments/1kk1nhs/animated_some_gta_vi_screenshots/,Nexen4,0
1mux2km,13 Ways to Annoy Everyone on Your Commute,"It’s uncomfortable. It’s relatable. It’s a little too real.

13 Ways to Annoy Everyone on Your Commute

▶ Watch now. Then maybe… take the bike tomorrow.

Tools used

Video:
￫ Kling AI 2.0, 2.1
￫ Higgsfield AI
￫ Luma AI Ray2
￫ Google Veo 2
￫ Runway Gen-4 Image-to-Video
￫ Freepik
￫ krea.ai
￫ Topaz Labs AI Video

Image:
￫ Google DeepMind Imagen 3
￫ Runway Gen-4 References
￫ Reve Image
￫ Topaz Labs AI Image

Voice:
￫ ElevenLabs",193,0.97,32,2025-08-19T22:22:21+00:00,aivideo,https://v.redd.it/o6z79qpcx1kf1,https://www.reddit.com/r/aivideo/comments/1mux2km/13_ways_to_annoy_everyone_on_your_commute/,Ok_History_34,0
1n68ktk,"My new AiTrailer ""THE CROP""","Alway like anti-utopian  worlds - so much fun can happen there.   
I want to give you a quick breakdown:

All the Images were made with Midjourney

Animation is tricky because I used Higgsfield, Veo3, Kling, Krea, Luma Labs, Runway, Wan2.1 (I used some of the models in Higgsfield and Krea). 

Each model has its own strength. It always fun to compare the models as well 

Let me know how you feel?",154,0.87,46,2025-09-02T03:04:28+00:00,aivideo,https://v.redd.it/s7m0zvvl2omf1,https://www.reddit.com/r/aivideo/comments/1n68ktk/my_new_aitrailer_the_crop/,Mental-Spray-5263,0
1lz70bh,That '70s Show… But With AI Villains,"Tools: Sora, Runway and Higgsfield. ",90,0.92,12,2025-07-13T23:22:19+00:00,aivideo,https://v.redd.it/2uyfkeb96qcf1,https://www.reddit.com/r/aivideo/comments/1lz70bh/that_70s_show_but_with_ai_villains/,EranMaRa,0
1krl5qt,Living With a Psychopath,"Images made with Midjourney and Runway References
Image to Video with Kling, Luma and Higgsfield
Voices using Eleven Labs
Lip Sync with Kling and Hedra
Upscale with Topaz
Edit in Resolve
Music and SFX from Uppbeat",79,0.98,5,2025-05-21T00:53:04+00:00,aivideo,https://v.redd.it/veel1ox8912f1,https://www.reddit.com/r/aivideo/comments/1krl5qt/living_with_a_psychopath/,deathismyslut,0
1ly7eow,Echoes of Tomorrow:  The Glare of the Machine,"In a world dominated by glowing screens and endless digital noise, a solitary voice questions the true cost of connection. As humans surrender themselves to technology, they trade warmth for wires, validation for emptiness, and reality for pixels. The future is bright... but is it worth the price?

Images created in MJ  
Animations created in Kling &amp; HiggsfieldAI

YT version: [https://youtu.be/IlB75Q52Hy0](https://youtu.be/IlB75Q52Hy0)

(Back in Jan/Feb, I posted a Sci-Fi short about an alien race taking over society and I kinda wanted to get back into that bag. Here it is)

",72,0.88,12,2025-07-12T18:25:52+00:00,aivideo,https://v.redd.it/fzajnlphkhcf1,https://www.reddit.com/r/aivideo/comments/1ly7eow/echoes_of_tomorrow_the_glare_of_the_machine/,Cloud_Reviews,0
1lcwis2,Straight from the AI Summits in London &amp; Seoul: A Bleeding Edge Action Film,"Idea: “Hey, can we have like 3 main consistent characters throughout the story and actually have them face off in an epic showdown at the end? Build a consistent world with details, rhythm, set flow, some bits of lore, sync it all to music? And can they please shoot, punch each other? Not the damn air again?”

Source: [https://www.youtube.com/@RogueCellPictures](https://www.youtube.com/@RogueCellPictures)

Music: Cloudswim - Fully human made. Unreleased track by Allen Hulsey, a world-renowned musician who’s played live from Antarctica to the freaking Giza Pyramid! If you like the vibe, his Spotify is worth a dive: [https://open.spotify.com/artist/6UeyNF2UC7VwsdAcjUAa72](https://open.spotify.com/artist/6UeyNF2UC7VwsdAcjUAa72)

Images: Midjourney V7, Runway Frames, Runway References, Flux, Magnific, Chatgpt (Sora), Gemini 2.5 Pro

Animation: Kling 2.1-1.6, Veo 2-3, Lumalabs Ray2, Higgsfield AI, Runway Gen4, Haliluo Minimax, Wan Fun Model, Vace. 

Tools: Davinci Resolve, After Effects, Nuke, Topaz Labs, Blender&amp;Metahuman (overkill, you don't need these for AI content really unless you're going mocap or full on CGI) 

Time: 14 days from idea a to completion (4-5 hours daily work). Drew the storyboard first, fed it to ChatGPT. Massive recommend, it will keep you sane.

The Metaphor: Kinda obvious but it's dedicated to all who've been discriminated against and oppressed for simply who they are.

I’d love to hear your thoughts, ideas, critiques, and suggestions. If you’re looking for something specific, I’m happy to share prompts and tips I’ve picked up along the way.",73,0.93,28,2025-06-16T15:55:18+00:00,aivideo,https://v.redd.it/ogmunhcv0b7f1,https://www.reddit.com/r/aivideo/comments/1lcwis2/straight_from_the_ai_summits_in_london_seoul_a/,damdamus,0
1keuavd,Deconstruction Of The Fables,"Gen-4, Higgsfield, Suno, Flux",69,0.87,9,2025-05-04T21:00:28+00:00,aivideo,https://v.redd.it/w6296c41xtye1,https://www.reddit.com/r/aivideo/comments/1keuavd/deconstruction_of_the_fables/,numberchef,0
1km0rsf,ROOCKY - Rise Of The Meme,"SOME MEMES ARE NEVER FORGOTTEN!

  
took me over 50 hrs straight to come up with this. i slept for 5 hrs during the making.

tools used:

Prompts: Chatgpt 4o

Images: Midjourney, Photoshop

Video: Kling, Higgsfield, Runway, Leonardo Motion

Music: Suno

Editing: Capcut Pro + Logic Pro 

  
follow me for more and tutorials:

[https://www.youtube.com/@mrabujoe](https://www.youtube.com/@mrabujoe)

[https://www.instagram.com/mrabujoe](https://www.instagram.com/mrabujoe)

[https://www.tiktok.com/@mrabujoe](https://www.tiktok.com/@mrabujoe)

  
shall i do a sequel?",67,0.97,14,2025-05-13T23:30:46+00:00,aivideo,https://v.redd.it/tlpfu872vm0f1,https://www.reddit.com/r/aivideo/comments/1km0rsf/roocky_rise_of_the_meme/,flipflop-dude,0
1n0d52k,Animals Enjoying Cooking,This video was created with Higgsfield (Hailuo 02 1080p).,58,0.93,4,2025-08-26T05:08:06+00:00,aivideo,https://v.redd.it/zq2l4vo5ralf1,https://www.reddit.com/r/aivideo/comments/1n0d52k/animals_enjoying_cooking/,Formal-Volume-9687,0
1ndmyd8,One Piece Marineford Arc AI Trailer,"Here is my fan-made trailer, reimagining One Piece's Marineford Arc with AI.  
A tribute to Oda, inspired by the live-action series &amp; the amazing work of AnimeLoverAzan.  
Tools: Seerdream 4, Nano Banana, Hailuo, Higgsfield &amp; Suno AI (AoT OST).",53,0.94,21,2025-09-10T18:53:59+00:00,aivideo,https://v.redd.it/qxtd2uzvvdof1,https://www.reddit.com/r/aivideo/comments/1ndmyd8/one_piece_marineford_arc_ai_trailer/,Lazy-Investigator-60,0
1jxge7e,I made myself a Simpsons character with Sora and Higgsfield,,43,0.92,4,2025-04-12T12:40:43+00:00,aivideo,https://v.redd.it/rinvawarfeue1,https://www.reddit.com/r/aivideo/comments/1jxge7e/i_made_myself_a_simpsons_character_with_sora_and/,AppropriateLack4823,0
1lcg1la,📒 AI VIDEO MAGAZINE - r/aivideo community newsletter - Exclusive Tutorials: How to make an AI VIDEO from scratch - How to make AI MUSIC - Hottest AI videos of 2025 - Exclusive Interviews - New Tools - Previews - and MORE 🎟️ JUNE 2025 ISSUE 🎟️,"[https://imgur.com/a/6mO5GhH](https://imgur.com/a/6mO5GhH)

https://preview.redd.it/e6hl7pdi7iif1.jpg?width=2550&amp;format=pjpg&amp;auto=webp&amp;s=3dcef7ffddb8747c89d4f39eda9b5f90225ba484

https://preview.redd.it/jwvjingmk19f1.jpg?width=1536&amp;format=pjpg&amp;auto=webp&amp;s=5e24c96487980fbd5f719567478d8f8c666e6d62

**LINK TO HD PDF VERSION** [**https://aivideomag.com/JUNE2025.html**](https://aivideomag.com/JUNE2025.html)

# ⚠️ AI VIDEO MAGAZINE ⚠️

# ⚠️ The r/aivideo NEWSLETTER ⚠️

# ⚠️an original r/aivideo publication⚠️

# ⚠️ JUNE 2025 ISSUE ⚠️

# ⚠️ INDEX ⚠️

# EXCLUSIVE TUTORIALS:

# 1️⃣ How to make an AI VIDEO from scratch

# 🅰️ TEXT TO VIDEO

# 🅱️ IMAGE TO VIDEO

# 🆎 DIALOG AND LIP SYNC

# 2️⃣ How to make AI MUSIC, and EDIT VIDEO

# 🅰️ TEXT TO MUSIC

# 🅱️ EDIT VIDEO AND EXPORT FILE

# 3️⃣ REVIEWS: HOTTEST AI videos of 2025

# INTERVIEWS: AI Video Awards full coverage:

# 4️⃣ LINDA SHENG  from MiniMax

# 5️⃣ LOGAN CRUSH - AI Video Awards Host 

# 6️⃣ TRISHA CODE - Headlining Act and Nominee

# 7️⃣ FALLING KNIFE FILMS - 3 Time Award Winner

# 8️⃣ KNGMKR LABS - Nominee

# 9️⃣ MAX JOE STEEL - Nominee and Presenter

# 🔟 MEAN ORANGE CAT - Presenter

# NEW TOOLS AND PREVIEWS:

# 1️⃣1️⃣ NEW TOOLS: Google Veo3, Higgsfield AI, Domo AI

# 1️⃣2️⃣ PREVIEWS: AI Blockbusters: Car Pileup

https://preview.redd.it/7kc10n0pk19f1.jpg?width=1536&amp;format=pjpg&amp;auto=webp&amp;s=681c18182e82cd196f95a74a6663a63b5ea6c385

**PAGE 1 HD PDF VERSION** [**https://aivideomag.com/JUNE2025page01.html**](https://aivideomag.com/JUNE2025page01.html)

# EXCLUSIVE TUTORIALS:

# 1️⃣ How to make an AI VIDEO from scratch

**This is for absolute beginners, we will go step by step, generating video, audio, then a final edit. Nothing to install in your computer. This tutorial is universal and works with any ai video generator.**

**Not all features are available for some platforms.**

**For examples we will use MiniMax for video, Suno for audio and CapCut to edit.** 

**Open** [**hailuoai.video/",38,0.91,10,2025-06-16T01:03:35+00:00,aivideo,https://www.reddit.com/r/aivideo/comments/1lcg1la/ai_video_magazine_raivideo_community_newsletter/,https://www.reddit.com/r/aivideo/comments/1lcg1la/ai_video_magazine_raivideo_community_newsletter/,ZashManson,0
1myyobp,Higgsfield + Production is definitely something else,Made this for a client,37,0.88,19,2025-08-24T15:32:02+00:00,aivideo,https://v.redd.it/4pio5o4pkzkf1,https://www.reddit.com/r/aivideo/comments/1myyobp/higgsfield_production_is_definitely_something_else/,aum3studios,0
1lmgv76,Therapy,"A short film made with AI, absurd trauma, and animals in desperate need of emotional support.

What if your therapist was a burned-out lemur… and every client was an emotionally unraveling animal spilling dark confessions into a silent room?

Set in the same surreal, melancholic universe as my earlier short Delivery, this new film dives deeper — blending surreal comedy with uncomfortable truths, sleepless owls, and a techno DJ bat who hangs upside down in the waiting room.

I created Therapy using the following pipeline:
Prompts: ChatGPT
Images: Sora
Talking animals: Higgsfield AI
Additional scenes: Runway Gen4
Extra voiceover: ElevenLabs
Editing: Adobe Premiere Pro
Music &amp; SFX: Envato Elements

It’s dark, funny, and strangely human.

Would love to hear your thoughts.",33,0.94,1,2025-06-28T07:23:28+00:00,aivideo,https://v.redd.it/jqpta91cdm9f1,https://www.reddit.com/r/aivideo/comments/1lmgv76/therapy/,tamaso,0
1kgltay,I want to Believe - Made Using Higgsfield,,34,0.95,1,2025-05-07T01:47:53+00:00,aivideo,https://v.redd.it/d0qe2plhl9ze1,https://www.reddit.com/r/aivideo/comments/1kgltay/i_want_to_believe_made_using_higgsfield/,AppropriateLack4823,0
1kistl8,Recreating the Bullet Time Shot—With AI,"Hey everyone,  
I’ve been experimenting with AI filmmaking lately and it’s wild how far the tools have come! Everything in this video is computer generated. I used a mix of Kling, Higgsfield and primarily Runway to generate the visuals from scratch, and Suno for the subtle music in the background. No green screens, no actors—just AI prompts and a lot of trial and error.

Would love your thoughts and happy to answer questions about the workflow or tools I used. If you're interested to learn more about how I made it, please check out the first comment to watch the BTS.",31,0.97,7,2025-05-09T20:44:01+00:00,aivideo,https://v.redd.it/8whdr9d0gtze1,https://www.reddit.com/r/aivideo/comments/1kistl8/recreating_the_bullet_time_shotwith_ai/,EranMaRa,0
1l4jnz7,SHORELiNE 7 - AI Sci-Fi short,"In a restricted zone on a fog-choked shoreline, a lone survivor documents the appearance of strange, otherworldly creatures, unaware this footage may be the last transmission Earth will ever receive.

  
Made with a bunch of AI tools. Not just Kling. Midjourney, Runway, Pika, Flux, Higgsfield, Hailuo MiniMax, Freepik, Topaz.",31,0.84,8,2025-06-06T04:30:03+00:00,aivideo,https://v.redd.it/h30ssfd3i85f1,https://www.reddit.com/r/aivideo/comments/1l4jnz7/shoreline_7_ai_scifi_short/,TrashCanRoxanne,0
1kuggm1,🩸Vampire horror + liquid metal transformation made using Higgsfield AI🩸,"I made this AI short for the Higgsfield “Melting + Turning Metal” challenge and leaned fully into *vampire seduction meets chrome body horror*.  
  
**Made with these AI tools:**

* ChatGPT (prompt doctor)
* MidJourney (images)
* Higgsfield AI (image to video generation)
* ElevenLabs (sound FX &amp; ambient vocals)
* Udio (music)

It’s a short piece and took about a day to make, but was really fun to explore how far AI can go with storytelling, mood, and transformation effects.

Side note: I couldn't find a higgsfield ai flair/tag....or I'm blind. So I just clicked on ""new tool"" 🙃",25,0.89,6,2025-05-24T17:04:13+00:00,aivideo,https://v.redd.it/badc0o3mfr2f1,https://www.reddit.com/r/aivideo/comments/1kuggm1/vampire_horror_liquid_metal_transformation_made/,ThisIsDeeAI,0
1mvj6cw,Two For Two,"Could only flair one tool, but listed below the tools that were used:  
  
Image Generation:  
Midjourney for initial frames, then Runway Character Ref for 70% of the film  
Ideogram character ref for a few shots  
Leonardo Ai (for upscale)  
Adobe (Photoshop)  
  
Video Generation:  
Kling AI   
Google DeepMind Veo 3 and Veo 2  
Vidu AI:   
MiniMax  
Higgsfield AI  
Midjourney  
Seedance Pro (Freepik)  
OpenAI Sora  
Upscaled with Topazlabs  
  
Music:  
Pixabay  
  
",23,0.93,11,2025-08-20T16:11:21+00:00,aivideo,https://v.redd.it/9ix0vzpr47kf1,https://www.reddit.com/r/aivideo/comments/1mvj6cw/two_for_two/,Loopnmix,0
1m51i1z,DISASTER GIRL STRIKES AGAIN,"Used Midjourney Omni reference to get the initial images of the girl in front of the locations I prompted, then animated the images in Higgsfield with the ""building explosion"" VFX - and edited together in CapCut. ",24,0.93,2,2025-07-20T22:04:54+00:00,aivideo,https://v.redd.it/wvsnivxhq3ef1,https://www.reddit.com/r/aivideo/comments/1m51i1z/disaster_girl_strikes_again/,ParodyPulp,0
1n4ut6g,Keona – Where Do We Go | 1-Shot Music Video,"Hello everyone! Starting a new project - an AI-artist ""Keona"". This video is made as a single 5-minute continuous shot. 

It was made using Higgsfield via Kling 2.1 start/end frame, they are had a week of Kling unlimited which helped A LOT! Still 2 more days to go btw. 

The tune is made in Suno. 

Voice your thoughts and critique. ",23,0.93,3,2025-08-31T13:31:54+00:00,aivideo,https://v.redd.it/nh53w0h2ucmf1,https://www.reddit.com/r/aivideo/comments/1n4ut6g/keona_where_do_we_go_1shot_music_video/,OuterWorldsAI,0
1lfojz7,Origins of Poison Plains | Steampunk short with Horror elements,"Uncover the origin story of the Poison Plains — a scorched wasteland where toxic pools shimmer, corroded machines rot in silence, and the very air feels cursed.

The latest short film from my *Age of Automata* universe.

Images: Midjourney, Imagen 3, Sora  
Video: Runway Gen-4, Kling, Higgsfield  
Voiceover: ElevenLabs  
Upscaler: Topaz Video AI  
Editing: Adobe Premiere Pro  
Music &amp; SFX: Epidemic Sound",23,1.0,2,2025-06-19T22:55:25+00:00,aivideo,https://v.redd.it/xm60dmeaqy7f1,https://www.reddit.com/r/aivideo/comments/1lfojz7/origins_of_poison_plains_steampunk_short_with/,AdComfortable5161,0
1jxpjgo,A Caveman Discovers Mining - Commercial,"I was commissioned to make this commercial for a crypto mining company.

Everything in this is AI including every sound effect and the music and vfx. I used photoshop on a couple shots to do shitty overlays and then blended them in MJ editor.

Tools I used:
Midjourney &amp; Chat GPT - Image gen and Image editing
Topaz Gigapixel - Image Upscale
Kling, Luma &amp; Higgsfield - Image to Video and VFX
Eleven Labs - Sound Effects
Udio - Music generation
Davinci Resolve - Editing and Color Grade

Ive posted a detailed explanation of my workflow including prompts on my substack if youre interested...

https://open.substack.com/pub/kylesalazar/p/how-i-made-100-ai-commercial-for?utm_campaign=post&amp;utm_medium=web",21,0.82,6,2025-04-12T19:39:33+00:00,aivideo,https://v.redd.it/txbhwv9sigue1,https://www.reddit.com/r/aivideo/comments/1jxpjgo/a_caveman_discovers_mining_commercial/,deathismyslut,0
1kpwju5,Alice's Wonderland,"Having a little fun with start and end frames using Higgsfield &amp; Lumalabs!  
Images generated in MJ  
Animations generated in Higgsfield &amp; Lumalabs

YT version: [https://youtu.be/iF0YsjVQiOo](https://youtu.be/iF0YsjVQiOo)",20,0.93,2,2025-05-18T22:39:36+00:00,aivideo,https://v.redd.it/rez1tb8d5l1f1,https://www.reddit.com/r/aivideo/comments/1kpwju5/alices_wonderland/,Cloud_Reviews,0
1n8ghc5,Nine Lives,"Hi, all. First time posting so forgive me if I make a few mistakes. I'm a big fan of this sub and decided to share some of my work here. It's a month old so already ancient history. This is a short I made to pitch a film. Here's the logline:

When an elite assassin discovers she's a clone trapped in a cycle of death and rebirth, she must complete one final mission to free both herself and her original from an endless nightmare of her manufactured existence.

The flair says midjourney video short film, but it's a lot more than that. I used midjourney to create the images and a the majority of the video, Flux Kontext Pro to change some of the images and camera angles. Also Hailou 2.0, Kling 1.6, Higgsfield, Veo 3, for video and Runway act 2 for the acting performances in the bar scene.

Edit: Forgot to add the music is from Udio.

",20,0.93,0,2025-09-04T17:26:24+00:00,aivideo,https://v.redd.it/vmzyv4mbi6nf1,https://www.reddit.com/r/aivideo/comments/1n8ghc5/nine_lives/,Automatic-Peanut-929,0
1m468kn,Standup Tragedy with Bone Rivers,"Standup Tragedy with Bone Rivers! WARNING 😂 Bone Rivers pulls no punches dissecting the comedy stylings of Mooie C.K. and Hairy Swinefeld.

Made with @HeyGen_Official @pika_labs @LumaLabsAI @hedra_labs @higgsfield_ai ",20,1.0,5,2025-07-19T20:30:16+00:00,aivideo,https://v.redd.it/gq6tbxyz4wdf1,https://www.reddit.com/r/aivideo/comments/1m468kn/standup_tragedy_with_bone_rivers/,scriptdog1,0
1lleojm,When you're late for class,"a fun project i did in one day for my social media, putting myself in different action scenarios.

  
images: Midjourney + Higgsfield Canvas

Videos: Midjourney + Higgsfield

follow for more content like this:

[instagram.com/mrabujoe](http://instagram.com/mrabujoe)

[x.com/mrabujoe](http://x.com/mrabujoe)

[youtube.com/@mrabujoe](http://youtube.com/@mrabujoe)

[tiktok.com/@mrabujoe](http://tiktok.com/@mrabujoe)

  
",16,0.91,3,2025-06-26T23:14:28+00:00,aivideo,https://v.redd.it/crv1u807rc9f1,https://www.reddit.com/r/aivideo/comments/1lleojm/when_youre_late_for_class/,flipflop-dude,0
1kczgak,Agni Keli Ritual - India,"Agni Keli is a fire-throwing ritual performed in Mangaluru, Karnataka, India, during a Hindu festival to honor Durga (the goddess of war and strength). Devotees hurl burning palm fronds at each other, believing that prayer protects them from serious burns

Made with AI - **Images** \[Sora + Midjourney\] - **Videos** \[Leonardo + Runway + Kling + Higgsfield\] 

  
if you liked my work, check out my instagram page --&gt; [MrAbuJoe](https://www.instagram.com/mrabujoe/) 

[https://www.instagram.com/mrabujoe/](https://www.instagram.com/mrabujoe/) ",17,0.87,8,2025-05-02T12:14:11+00:00,aivideo,https://v.redd.it/e1gyayvkycye1,https://www.reddit.com/r/aivideo/comments/1kczgak/agni_keli_ritual_india/,flipflop-dude,0
1jzpw9t,Girl and the Robot [Robo Arm motion Control],Robo Arm motion control made in Higgsfield AI.,15,0.95,2,2025-04-15T11:51:41+00:00,aivideo,https://v.redd.it/xtuhmi4vlzue1,https://www.reddit.com/r/aivideo/comments/1jzpw9t/girl_and_the_robot_robo_arm_motion_control/,ultraboy22,0
1mw2hoq,Imagined Thai SPA ads,"Hi everyone!

I’m only jumping into AI videos and want to share this simple work.

As I don’t have my own ideas, I decided to simulate a task from a client with GPT. I saw some picture and decided to choose a Thai SPA ad. As it’s AI-generated, I decided not to limit myself and imagined something too beautiful to be real.



My setup - Higgsfield, Kling, Midjourney, 11labs, Topaz upscale (+Runway for 1 shot).

I used the last frames from videos to generate transformations between main shots (made with Kling) with Higgsfield effects. I decided to add an 11labs “sensual” voice as it’s a Bounty chocolate ad.

Edited everything in Capcut with some sounds from their library. I know that last shot with name of business is bad, just haven't decided what to do there (need to make something with AE)

There are some problems: Kling changes the size of the video and colors, so you see joints between videos.

It took 3–4 hours in total.



Will be glad for any feedback. If you have some real task for your business - I will be glad to get a brief and try my skills for free, as I’m only learning it.",13,0.81,0,2025-08-21T05:38:15+00:00,aivideo,https://v.redd.it/n9766y526bkf1,https://www.reddit.com/r/aivideo/comments/1mw2hoq/imagined_thai_spa_ads/,Aggravating-Put-9464,0
1ksee5o,AI Music Video [ Chaos by Shaquille O'neal &amp; Gawne ],"i visualized the lyrics and created the scenes accordingly. 

from the song Chaos by Shaq &amp; Gawne

prompts: Chatgpt

Images: Midjourney

Videos: Higgsfield + Kling 1.6 + 2.0

Lipsync: Kling + Sync.



follow me for more:

[instagram.com/mrabujoe](http://instagram.com/mrabujoe)

[youtube.com/@mrabujoe](http://youtube.com/@mrabujoe)

[tiktok.com/@mrabujoe](http://tiktok.com/@mrabujoe)

[x.com/mrabujoe](http://x.com/mrabujoe) ",13,0.79,0,2025-05-22T01:09:10+00:00,aivideo,https://v.redd.it/26fx7pwxf82f1,https://www.reddit.com/r/aivideo/comments/1ksee5o/ai_music_video_chaos_by_shaquille_oneal_gawne/,flipflop-dude,0
1liktac,Pick up the Ball - Ai Short using Midjourney Video,"Becoming a father inspired me to create this short. i realized how attached we are to technology, It's essential, but if we don't prioritize our human connections, we'll lose our purpose.

Tools used:

Images: Midjourney + Higgsfield Canvas + Runway

Video: 80% (Midjourney) , 20% (Kling + Higgsfield)

Song: Lyrics (Me + Chatgpt) Music &amp; Vocals (Suno)",13,0.85,8,2025-06-23T16:15:03+00:00,aivideo,https://v.redd.it/yq3j3j34bp8f1,https://www.reddit.com/r/aivideo/comments/1liktac/pick_up_the_ball_ai_short_using_midjourney_video/,flipflop-dude,0
1kt4l8a,Case Closed as a Live Action,"Images created in MJ.  
Animation created in HiggsfieldAI.  
YT version: [https://youtu.be/1bk5uS4g\_zA](https://youtu.be/1bk5uS4g_zA)",12,0.83,2,2025-05-22T23:01:01+00:00,aivideo,https://v.redd.it/5cvy5ft4ze2f1,https://www.reddit.com/r/aivideo/comments/1kt4l8a/case_closed_as_a_live_action/,Cloud_Reviews,0
1mx6lax,Varn Kelzo: Guy Fieri in Space,This AI Video was created in One Week using Midjourney + Higgsfield + Veo3 + Seeddance + Suno Music + Elevenlabs Audio,9,0.85,0,2025-08-22T13:30:42+00:00,aivideo,https://v.redd.it/pyxwau4dokkf1,https://www.reddit.com/r/aivideo/comments/1mx6lax/varn_kelzo_guy_fieri_in_space/,TulpaTomb,0
1lohm7o,Genesis_0 – Awakening | Official Short Film 🩸,"""Genesis\_0 - Awakening"", we follow the mystery of a vanished captain and his lost crew.

Centuries later, someone intercepts their final transmission and deicides to uncover the truth, before the government finds the long lost VIRELIA.  


About the workflow:

Videos: Created using Kling AI 2.1, Hailuo 2 and Higgsfield AI   
Audio: Elevenlabsio V3 for all voices and MMaudio for sound effects.  
Images: All images were generated using Flux Kontext Max.

The idea was to use a handful of reference images to generate all visuals with Flux Kontext, which I then used as image inputs for the video models.

By using a ref image, I was able to generate shots of characters and objects in the same location and style as the original.

Using Multi-Kontext, I was also able to use different objects and characters in completely different scenes without losing consistency.

An upscaled 4K version is on my YT. Enjoy!! ",10,0.86,5,2025-06-30T20:01:29+00:00,aivideo,https://v.redd.it/8z0h0buw84af1,https://www.reddit.com/r/aivideo/comments/1lohm7o/genesis_0_awakening_official_short_film/,halimoai,0
1rxt56m,Higgsfield,Does anyone have any experience using higgsfield I recently just got the subscription but honestly speaking it’s so hard to get yourself in the picture like it ruins your face any tips or anything?,0,0.14,1,2026-03-19T06:42:18+00:00,Filmmakers,https://www.reddit.com/r/Filmmakers/comments/1rxt56m/higgsfield/,https://www.reddit.com/r/Filmmakers/comments/1rxt56m/higgsfield/,Unknownuser1621,0
1rmtvx7,FULL AI Music Video😵‍💫,So I made a music video entirely using ai (Higgsfield). It’s still somewhat a WIP. Just wondering if I can get some feedback ?,0,0.33,10,2026-03-06T23:33:25+00:00,Filmmakers,https://youtu.be/2VhBXmoIJnE?si=B546SpXdhXA1vbhA,https://www.reddit.com/r/Filmmakers/comments/1rmtvx7/full_ai_music_video/,Yondre,0
1pqudde,HiggsField Introduces Cinema Studio,"The game-changing feature is the lens and body emulation. You can specifically toggle between gear like the Red V-Raptor or an Arri Alexa 35, and actually set focal lengths (8mm, 25mm, 50mm, etc.).  
  
I am not a professional filmmaker, just experimenting with the tools. I would love to hear your thoughts or feedback. Thank you.

  
",0,0.21,7,2025-12-19T19:43:28+00:00,Filmmakers,https://v.redd.it/yx12ffqmq78g1,https://www.reddit.com/r/Filmmakers/comments/1pqudde/higgsfield_introduces_cinema_studio/,AntelopeProper649,0
1r8lro9,Disgusting how many creators sell out to AI,"Is it only me who feels like many bigger creators start to sell out to higgsfield etc? Its so sad and they never really engage in a constructive conversation about it. And its just so frustrating because a lot of them have great skills and this just shows new creators how to cut corners etc

„People were sceptical about computers too“

„Dont get left behind“

„Everything costs resources“

Fuck off i wont ever use and promote an AI without transparency report or training breakdown.

Sorry for the rant but i feel like i needed to unfollow so many creative people because of this.

How do you guys feel about this? Is it necessary to be ok with such predatory generative ai‘s to survive?

Im not and never will.",103,0.88,89,2026-02-19T01:28:27+00:00,videography,https://www.reddit.com/r/videography/comments/1r8lro9/disgusting_how_many_creators_sell_out_to_ai/,https://www.reddit.com/r/videography/comments/1r8lro9/disgusting_how_many_creators_sell_out_to_ai/,UniqueBaseball8524,0
1r49sae,Do I need to learn how to make “tough” edits?,"You’ve seen them on instagram, tons of speed ramps, ridiculous masks, objects in frame opening like an easter egg. I have years of experience in corporate and commercial with various editing styles but nothing like this. I was just curious if this is a fad and if it actually boosts engagement. Do I need to get with the times and start using higgsfield? ",1,0.6,9,2026-02-14T03:23:20+00:00,videography,https://www.reddit.com/r/videography/comments/1r49sae/do_i_need_to_learn_how_to_make_tough_edits/,https://www.reddit.com/r/videography/comments/1r49sae/do_i_need_to_learn_how_to_make_tough_edits/,ShoeMedical43,0
1oapvpe,“This ASMR Isn’t Human — Higgsfield AI Just Redefined What ‘Realistic’ Sounds Like”,"I just watched (and honestly felt) something that completely blurred the line between human creativity and machine simulation. Higgsfield AI has managed to generate ASMR audio so realistic that, if I didn’t know it was synthetic, I’d swear it came from a real human whispering behind a mic.

What makes it even wilder is that the performance itself — the subtle breathing, mouth sounds, emotional pauses — was done by AI-generated human-like characters, not real actors. The result? Something that feels intimate, comforting, and slightly eerie all at once.

This isn’t just another “AI voiceover” clip. It’s the first time I’ve seen a system pull off the emotional texture of ASMR — the kind of small human imperfections that actually make it feel alive. It made me wonder:

If AI can now simulate something as nuanced and sensory as ASMR, what does that mean for creators who specialize in it?

Could synthetic ASMR become its own art form, or will it lose the “human warmth” that makes ASMR effective in the first place?

And how far are we from AI that can feel what it’s supposed to make us feel?


I’d love to hear what others think — does this cross into uncanny valley territory, or is this just the next natural step in creative evolution?

(The video is a quick showcase of the AI-generated ASMR scene — both the sound and the character performance are entirely created by Higgsfield’s system.)
",0,0.4,1,2025-10-19T13:38:41+00:00,artificial,https://v.redd.it/8c0do4sjn2wf1,https://www.reddit.com/r/artificial/comments/1oapvpe/this_asmr_isnt_human_higgsfield_ai_just_redefined/,thinkhamza,0
1pc7qqc,When you can prompt in or out characters in videos...it's kind of a WTF moment.,"Swapped the baseball-cap guy for a cat. Easiest edit ever. Everything seems to stay intact including audio.

They really seem to be nailing multimodal right now.

Made in Kling O1 on [Higgsfield](https://higgsfield.ai/video-edit)

",0,0.45,2,2025-12-02T12:57:12+00:00,artificial,https://v.redd.it/3oiestgn8s4g1,https://www.reddit.com/r/artificial/comments/1pc7qqc/when_you_can_prompt_in_or_out_characters_in/,Nervous-North2806,0
