video_id,title,description,channel,published_at,view_count,like_count,comment_count,duration_sec,url
XRU-CjzYt_o,Why I Switched From ChatGPT to Claude (without losing anything),"✅ Get your FREE AI Prompt Cheatsheet here: https://go.danmartell.com/484Q7tK

👥 Are you building an AI software company? Partner with me: https://go.danmartell.com/3NSVsO2

Something massive is happening in the AI world right now, and most people are on the wrong side of it. ChatGPT uninstalls are spiking, OpenAI is burning cash at an alarming rate, and Claude just took the #1 spot on the App Store.

In this video, I break down what's really going on behind the scenes at both companies, why I made the switch, and the exact process I use to move everything over without losing a single piece of context or memory.

If you're still defaulting to ChatGPT out of habit, this might change your mind.

Wispr Flow: https://wisprflow.ai/r?DANIEL96092

▸▸ Subscribe to The Martell Method Newsletter: https://bit.ly/3XEBXez

▸▸ Get My New Book (Buy Back Your Time): https://bit.ly/3pCTG78

IG: @danmartell",Dan Martell,2026-04-02T13:01:04Z,170513,7139,672,967,https://www.youtube.com/watch?v=XRU-CjzYt_o
IYF4NtECX3s,Claude: From Beginner To Pro In 21 Minutes,"Sign up for the AI Edge newsletter, and unlock the assets from the video by joining my Instagram community 👉 https://www.aiedgehq.co/ 

People are still stuck in prompt mode with Claude.

Back and forth… and you’re still doing all the work.

In this video, I show you how to step out of that using Cowork, Claude Code, and a simple setup that actually runs for you.

Timestamps:
00:00 Intro
00:17 Using Claude Wrong
00:47 Prompting Vs Agents
01:51 Chat Vs Cowork Vs Code
02:55 Difference Between Cowork & Code
03:39 Scheduled Tasks
04:54 Claude Code 
06:44 Starting with Cowork
07:14 Run Cowork From Your Phone
08:01 Idea Ranking System
10:06 Build Your Own Tools
12:25 Folder Setup
13:38 3 Core Files
14:54 Memory Setup
16:36 Better Outputs 
18:54 The Automation Loop
19:34 Your Homework
20:34 Outro

💡 Tools Mentioned:

Claude
Claude Cowork
Claude Code

#claudeai  #artificialintelligence  #aiautomation  #aiagents  #aitools  #promptengineering",AI Edge,2026-04-03T19:35:05Z,7166,434,44,1260,https://www.youtube.com/watch?v=IYF4NtECX3s
O2k_qwZA8HU,Ollama + Claude Code = 99% CHEAPER,"Full courses + unlimited support: https://www.skool.com/ai-automation-society-plus/about?el=free-claude-code
All my FREE resources: https://www.skool.com/ai-automation-society/about?el=free-claude-code
Apply for my YT podcast: https://podcast.nateherk.com/apply
Work with me: https://uppitai.com/

My Tools💻
14 day FREE n8n trial: https://n8n.partnerlinks.io/22crlu8afq5r
Code NATEHERK to Self-Host Claude Code for 10% off (annual plan): https://www.hostinger.com/vps/claude-code-hosting
Voice to text: https://ref.wisprflow.ai/nateherk

In this video I walk you through two different ways to run Claude Code completely free. The first method uses Ollama to run open source models locally on your own machine, and the second uses Open Router to access free models in the cloud. 

I cover everything from downloading and configuring models to the tradeoffs between local and cloud, and when you'd actually want to use open source models over something like Opus.

    ""ANTHROPIC_BASE_URL"": ""https://op",Nate Herk | AI Automation,2026-04-04T01:28:52Z,36961,1333,123,1523,https://www.youtube.com/watch?v=O2k_qwZA8HU
Y9BOY4k_zb8,"AI News: Claude Leaks, Free Google AI Updates, + ChatGPT CarPlay","Try i10x: https://i10x.ai?fpr=paul53
Save 15% with code ""PJL15""

From leaked source code to free storage upgrades, this was one of the wildest weeks in AI — and most of these updates are things you can actually use right now.

Heads up, these updates may not be available worldwide yet. Just because I have access to them doesn't mean you will yet.

🔗 This video is sponsored. Some product links are affiliate links which means if you buy something we'll receive a small commission.

0:00 Intro
0:33 Claude Leak
1:56 Roadmap
4:33 Conway Agent
5:22 Claude Limits Issue
7:23 Windows & Microsoft
7:54 Google Flow
9:03 i10x Sponsor
12:18 Google Updates
14:28 Google Vids
15:04 Ask Maps
16:27 ChatGPT CarPlay",Paul J Lipsky,2026-04-04T13:00:54Z,2433,199,20,1059,https://www.youtube.com/watch?v=Y9BOY4k_zb8
o1i4FgtXhLA,Claude Leaks its Source Code… then Files Copyright Claim,"Anthropic have leaked their own AI’s source code in a Claude update and all of a sudden cares about copyright.

ARTICLES:
https://www.axios.com/2026/03/31/anthropic-leaked-source-code-ai
https://www.wsj.com/tech/ai/anthropic-races-to-contain-leak-of-code-behind-claude-ai-agent-4bc5acc7?st=BQwoMN&reflink=desktopwebshare_permalink
https://www.businessinsider.com/meta-granted-patent-for-ai-llm-bot-dead-paused-accounts-2026-2

SUPPORT: https://funkytime.tv/patriot-signup/
MERCH: https://funkytime.tv/shop/
FUNKY TIME WEBSITE: https://funkytime.tv

FACEBOOK: http://www.facebook.com/SamtimeNews
TWITTER: http://twitter.com/SamtimeNews
INSTAGRAM: http://instagram.com/samtimenews

-----------------------------------

'Escape the ordinary. Embrace the FUNKY!'

-----------------------------------

SAMTIME is a parody channel and does not represent the tech company featured.

For sponsorship enquiries: samtime@bossmgmtgrp.com
For other business enquiries: business@funkytime.tv
Copyright FUNKY TIME ",SAMTIME,2026-04-03T16:30:28Z,131467,10523,514,209,https://www.youtube.com/watch?v=o1i4FgtXhLA
isjOj4QSaO8,5 INSANE Claude Cowork Use Cases... steal them,"📈 ALL Systems: https://bit.ly/4kol0y5
🤩 FREE Resources: https://bit.ly/3PATPoL
🔥 Type with your voice: https://glaido.com
🎙️ My Goofy pod: https://bit.ly/46nLQ3U

🔗 LINKS
📚 Free Skool Community: https://www.skool.com/aiautomationsbyjack
🔮 Make: https://make.com/en/register?pc=jackroberts
☁️ Claude: https://claude.ai/

Claude Cowork has computer use now and 99% of people are still using it wrong. These five use cases will save you hours and let you build an actual AI employee that works alongside you.

*** CORE Software ***
☁️ Claude: https://claude.ai/

*** What Next? ***
Now grab Claude Cowork and start with computer use - it's genuinely ridiculous how much time this saves. The projects feature alone will change how you work with AI forever.

⌚️ Stamps:
00:00 Intro
00:50 Level 1
06:32 Level 2 
14:19 Level 3
19:23 Level 4
25:07 Level 5",Jack Roberts,2026-04-03T16:13:18Z,12334,355,18,1688,https://www.youtube.com/watch?v=isjOj4QSaO8
CLLyO7f6zKU,Claude + Nano Banana. Insane Social Media Content in Minutes.,"Everyone's using AI to create content. Nobody's building a system behind it. You paste a prompt, get something generic, and wonder why your content still looks like everyone else's. 

Create CONTENT 🔥 👉 now with Higgsfield: https://higgsfield.ai/?fpr=alexandre52 
(Limited time Offer)

The tool isn't the problem. The setup is. 

In this video I'll show you 3 levels of AI-powered carousel creation, from basic to a full creative system using Claude and Nano Banana Pro. Same script, same content, three completely different results. 

By the end you'll see exactly why most people's AI content looks the same, and how to build a system that makes yours impossible to replicate.

🔥🔥Get All mentioned FREE templates & frameworks inside my Vault: https://geni.us/vaultalex

📥 Get my weekly Newsletter: https://growwithalex.beehiiv.com/subscribe

Follow my Instagram (BONUS Content) https://www.instagram.com/growithalex/

0:00 - Intro
0:46 - Claude is the Brain
2:33 - The Foundation
3:02 - Level-01
5:",Grow with Alex,2026-03-31T15:30:00Z,96770,4367,115,1603,https://www.youtube.com/watch?v=CLLyO7f6zKU
L-qgqSGIBsg,تسريب Claude كشف أسرار أخطر من الكود,"في الأيام اللي فاتت حصل تسريب ضخم لأداة Claude Code، واللي تعتبر واحدة من أهم أدوات الذكاء الاصطناعي للمبرمجين.
أكتر من 1800 ملف ونص مليون سطر كود اتكشفوا بسبب غلطة بسيطة في ملف اسمه .map…
لكن الحقيقة إن الكود مش أهم حاجة في الموضوع!
في الفيديو ده هنعرف:
إيه اللي حصل بالظبط في تسريب Claude
حصل إزاي ومنين بدأت المشكلة
مدى خطورة التسريب
أخطر الحاجات اللي اتكشفت جوه الكود (خصوصًا موضوع الصلاحيات والـ Architecture)
الفيتشرز الجديدة اللي ظهرت لأول مرة زي:
KAIROS (AI شغال 24/7)
Multi-Agent System (فريق AI كامل)
AI Pet داخل التيرمنال 😅
وليه المبرمجين كانوا مبسوطين من اللي حصل!
الفيديو ده مش مجرد خبر…
ده تحليل حقيقي لطريقة بناء أدوات الذكاء الاصطناعي الحديثة، وإزاي الشركات الكبيرة بتفكر.
لو مهتم بالبرمجة أو الذكاء الاصطناعي، الفيديو ده هيغير نظرتك للموضوع بالكامل

لينك فديو عمل مشروع full stack باستخدام clade code
https://youtu.be/7NOfj99dvec?si=JtqcLKytdnYR_uwq

لينك تحميل كلود كود 
https://www.linkedin.com/safety/go/?url=https%3A%2F%2Fgithub%2Ecom%2Fsoongenwong%2Fclaudecode&urlhash=G7vu&mt=5",Ali Shahin,2026-04-02T20:00:07Z,27666,1278,137,809,https://www.youtube.com/watch?v=L-qgqSGIBsg
mBHRPeg8zPU,Tragic mistake... Anthropic leaks Claude’s source code,"Anthropic accidentally leaked Claude Code's source code to the entire internet. Let's take a look...

#coding #programming #claude #ai

🔖 Topics Covered
- Claude source code leak
- What's in the leak?
- Unreleased features
- Undercover Mode
- Frustration Detector

Want more Fireship?

🗞️ Newsletter: https://bytes.dev
🧠 Courses: https://fireship.dev",Fireship,2026-04-01T17:27:05Z,2592415,90152,4636,442,https://www.youtube.com/watch?v=mBHRPeg8zPU
VkVNjcy2VUc,5 SECRET Claude Codes That Make it 10x More Powerful #claude #claudeprompts,"Here’s 5 SECRET Claude Codes That Make it 10x More Powerful!

Most people use Claude in a really basic way, but there are certain prompt “codes” you can use in order to make it way more powerful. Use these 5 hidden Claude tricks for getting more comprehensive responses, humanized writing, stronger brainstorming, and much more control over the output that you get. If you’re new to using Claude and feel like you’re missing out on the hype, use these in your next prompts.",Zack the AI Guy,2026-04-02T00:07:05Z,20372,1411,14,67,https://www.youtube.com/watch?v=VkVNjcy2VUc
Sdewx3GpJ1Q,Is Claude Pro Worth $20? Free vs Pro vs Max (2026),"Is Claude Pro worth $20 a month, or is the free plan enough? I tested every Claude plan (Free, Pro, and Max) so you don't have to.

What I found: the real difference between plans isn't features. It's how fast you hit the usage walls.

In this video:
- What Claude's free tier actually gives you (and the limits that catch you off guard)
- Why Pro at $20/month is stacked but still has a usage ceiling
- The two Max tiers most people don't know exist ($100 and $200)
- How Claude Pro usage compares to ChatGPT Plus at the same price
-  My verdict on which plan fits which type of user

🔗 Subscribe to my free weekly newsletter for practical AI tips:
https://aiproductivitycoach.com/subscribe/

0:00 Intro - the three Claude Pricing plans
1:34 Claude Free Plan
3:44 Claude Pro at $20/month
5:09 Quick Claude Pro vs ChatGPT Plus comparison
6:11 Claude Max tiers ($100 to $200)
7:40 The verdict: which Claude plan should you choose?

#ClaudeAI #ClaudePro #AITools #AIProductivity #Anthropic #ClaudeFree ",The AI Productivity Coach,2026-03-29T14:00:31Z,29786,638,111,567,https://www.youtube.com/watch?v=Sdewx3GpJ1Q
1FiER-40zng,Full Guide - Build Your Own AI Second Brain with Claude Code,"For the past few months I've been building something that completely changed how I work - an AI second brain that knows my schedule, my projects, my preferences, and anticipates my needs better and better over time. It checks my email, calendar, and tasks every 30 minutes, drafts replies in my voice, searches through months of context to answer questions, and I can talk to it through Slack from my phone.

And here's the thing - it's all built on top of Claude Code and the Claude Agent SDK. No massive framework, no complicated infrastructure. Just markdown files, Python scripts, and an Obsidian vault. In this video I'll show you exactly how it works, walk through the architecture, and explain the key decisions that make it incredibly useful.

If you want to go deeper and build your own, I'm running a full 4-hour hands-on workshop in the Dynamous community this week where I walk you through building this from scratch (link below).

~~~~~~~~~~~~~~~~~~~~~~~~~~

- If you're interested in bu",Cole Medin,2026-04-02T00:00:03Z,26819,758,68,1504,https://www.youtube.com/watch?v=1FiER-40zng
fIlzsa4Srwg,بناء موقع احترافي بالـ AI ف 2026 — Claude Code شرح كامل للمبتدئين 🚀,"🔥 واش بغيتي تبني Site أو Application خاصتك بدون ما تعرف Programming؟
ف هاد الفيديو، غنوريك كيفاش تستعمل Claude Code باش تخلق
أي Project رقمي — Website، App، أو Tool — من الصفر وبسرعة خيالية.

هاد التكنولوجيا غيرت القواعد 100% — الآن حتى بدون ما تكون Developer
يمكنك تقدم خدمات، تبني Projects، وتربح من الـ AI.

━━━━━━━━━━━━━━━━━━━━━━━
⏱️ Ce que tu vas apprendre dans cette vidéo :
✅ كيفاش تستعمل Claude Code من الأساس
✅ بناء Site professionnel كامل بالـ AI
✅ كيفاش تحول هاد الـ Skill لـ Business حقيقي
✅ أخطاء تتجنبها باش توفر الوقت
━━━━━━━━━━━━━━━━━━━━━━━

💡 Claude هو أقوى AI للـ Coding في 2026 — وهاد الفيديو غيبين كيفاش تستغله للـ Maximum.

👇 Drop تعليقك تحت: شنو البروجيكت لي بغيتي تبنيه بالـ AI؟

━━━━━━━━━━━━━━━━━━━━━━━
🔔 Subscribe باش ما تفوتكش أي حاجة
👍 Like إلا استفدتي
📤 Share مع صاحبك لي بغي يبدأ فـ AI

━━━━━━━━━━━━━━━━━━━━━━━
#ClaudeAI #AIبالدارجة #ربح_من_الانترنت #ClaudeCode #AIالمغرب #الجزائر_تيك
#مواقع_الويب #تعلم_البرمجة #FreelanceMaroc #ذكاء_اصطناعي
#AI2026 #DevelopmentAI #MakeM",Aouragh Anas,2026-04-01T22:17:13Z,25047,1378,151,2116,https://www.youtube.com/watch?v=fIlzsa4Srwg
x2l7W9aTc5k,Anthropic's New Claude CONWAY Is Unlike Any AI Before,"Anthropic is testing Claude Conway, a strange new AI system that looks less like a chatbot and more like a persistent agent environment, Z.ai just launched GLM-5V-Turbo for screen-aware coding and visual agent workflows inside OpenClaw and Claude Code, and Alibaba dropped Qwen 3.6 Plus with a massive 1 million token context window built for serious agentic coding, long-chain reasoning, and real deployment. The AI race is moving fast, and now it’s clearly shifting toward models that can see, reason, and act inside full workflows instead of just replying to prompts.

📩 Brand Deals & Partnerships: collabs@nouralabs.com
✉ General Inquiries: airevolutionofficial@gmail.com

🧠 What You’ll See
0:00 Intro
0:27 Anthropic Claude Conway Agent Leak
SOURCE: https://www.testingcatalog.com/exclusive-anthropic-tests-its-own-always-on-conway-agent/
1:12 Conway extensions and webhook triggers
2:51 Claude Code NO_FLICKER mode and mouse support
4:42vZ.ai GLM-5V-Turbo Vision Coding Model
SOURCE: https://www",AI Revolution,2026-04-02T21:16:27Z,59462,1103,81,650,https://www.youtube.com/watch?v=x2l7W9aTc5k
67Cbb3DyIxA,Claude Code Was Leaked… So I Had to Test it,"I got my hands on the leaked Claude Code source code, analyzed it with OpenAI Codex, and rebuilt it as my own CLI called RileyCode. I changed the personality, swapped in custom action verbs, and then built a full desktop app around it from scratch. 

Where to find me on other platforms: 
https://x.com/rileybrown
https://www.instagram.com/realrileybrown/
https://www.linkedin.com/in/riley-brown-7441b1101/
https://www.tiktok.com/@rileybrown.ai

Try out my product: https://vibecode.go.link/cNcuZ

TIME STAMPS
00:00 Intro
00:58 The Leak
01:51 Summarizing what is in Claude Code repo
03:10 Running Claude Code (RileyCode)
05:10 My own verbs
06:49 Changing the personality
08:50 Building a desktop app for RileyCode 
10:13 Dangerously Skip Permissions by default
11:11 Editing style of desktiop app 
12:38  Adding memory 
14:39 Adding a built-in browser
16:03 Final result",Riley Brown,2026-04-04T00:34:59Z,10496,305,63,1045,https://www.youtube.com/watch?v=67Cbb3DyIxA
idVMGLzrrnU,Claude Code Just Changed YouTube Videos Forever (Tutorial),"👉 Join My Community: https://dannywhy.com/


Most people think you need After Effects or a professional editor to make good YouTube videos. That used to be true, but it really isn’t anymore.

In this video, I’m going to walk you through how I create YouTube footage, visuals, and motion graphics using AI tools like Claude, Claude AI, and Claude Code, combined with Cloud Code and Remotion. And the best part is, it’s actually simple. You don’t need to be technical or spend months learning editing.

I’ll show you how to take an idea, turn it into a script with Claude, then use AI automation to generate visuals and build scenes that look clean and professional. After that, we use Remotion to turn everything into smooth motion graphics without touching complicated software.

This is a step-by-step tutorial. You can follow along and copy the exact process.

By the end, you’ll understand how to use AI to speed up your entire workflow. Instead of spending hours editing, you can focus on ideas w",Danny Why,2026-03-29T13:25:20Z,153034,7516,311,1072,https://www.youtube.com/watch?v=idVMGLzrrnU
ECbTVzZuzzA,FULL Claude ai Tutorial for Beginners in 2026!,"✅  *FREE  Community* : https://www.skool.com/nidacademy-1408
✅  *FREE  PDF Template* : https://drive.google.com/drive/folders/14lhjUEO8l5-5PuneBkO6OK6jdLTVRdvX?usp=drive_link

*Email:* info@nidacademy.org
*Instagram* ➜  https://www.instagram.com/nidacademy_

00:00 - What Claude Introduction
02:06 - Platform Overview
02:51 - Pricing Overview
06:01 - Interface Overview
07:34 - Claude Incognito Mode
09:52 - Claude Sidebar
13:29 - Claude Skills
17:17 - Claude Connectors
20:55 - Claude Projects
30:09 - Claude Artifacts
31:38 - Claude Code
32:05 - Claude Settings
47:47 - Research Mode vs Web Search
48:36 - Claude Styles
49:56 - Claude Ai Models
52:00 - How to use Claude
01:04:29 - Claude Personalization
01:11:23 - Claude Prompting





============  Tags   :
#ai   #claude   #anthropic           
claude tutorial,claude ai,claude,Claude AI,Anthropic,Anthropic Academy,شرح Claude AI,claude cowork,ai claude,claude code,n8n,anthropic claude,claude ai شرح,claude skills,claude code شرح,claude skills",Nid Academy,2026-04-01T19:12:13Z,14251,998,219,4666,https://www.youtube.com/watch?v=ECbTVzZuzzA
2COkMJPHINY,The AI System Most People Aren’t Building (Claude Code + Obsidian),"Full AI team + unlimited support: https://www.skool.com/ai-playbook/about

Most business owners use 5-10 different tools — Slack, email, calendar, tasks, docs. None of them talk to each other. None of them know your business.

There's a system that fixes that, and almost nobody's building it.

It's not a new app. It's Claude and Obsidian connected in a specific way that turns your own notes into an AI that knows your entire business. I call it my AI Chief of Staff. Every morning, one command briefs me on my calendar, Slack, email, tasks, and projects — and it gets smarter every week.

In this video, I'll show you exactly how it works and how to build your own.

My Tools 💻
- Voice to Text: https://wisprflow.ai/r?WISPR10125
- Get free credits for Lindy AI: https://try.lindy.ai/gqdjrs9sa3ie

Brad | AI & Automation YouTube Channel: https://www.youtube.com/@bradbonanno

Chapters:
0:00–0:40 The AI Chief of Staff Most People Aren’t Building
0:40–2:21 The 3-Layer System: Obsidian, Claude Skill",Rick Mulready,2026-04-02T14:15:00Z,13342,351,10,934,https://www.youtube.com/watch?v=2COkMJPHINY
yDVwptu-Iz4,Stop Paying for Claude — This FREE Setup Gives You Claude Code Forever (2026 METHOD),"🔥The FREE AI Cashflow Masterclass On Demand Training - 
http://nickponte.ai/aimasterclass-yt

🚀 Here is your link to Grab my AI Fast Track Training here: https://nickponte.ai/aifasttrack 
You’ll get a 30-day trial to the #1 AI software I use — plus $6,789 in bonuses, including the exact bonus I mentioned in this video

🎯 Claim your FREE 30 Day Trial of High Level + Our Bonus Profit Center Snapshot & $6,789 in bonuses + a Live Kick Off Call!
http://nickponte.ai/highlevel

💰Already have High Level? Here's a 30 Day Trial For The HighLevel Unlimited Tier + my plus my $6,789 bonus package! 
https://nickponte.ai/ghl-upgrade

💰 Want community to help strategize and grow your business with AI? Join the AI Control Room-- where I share real strategies that work → http://nickponte.ai/aicontrolroom

🔥Want my company to do your marketing? https://mynamarketing.com/

📩 Let’s Connect on Instagram https://www.instagram.com/nickponte

Claude Code is currently the most-used AI coding tool among develope",Nick Ponte,2026-04-02T14:30:45Z,34066,1644,124,576,https://www.youtube.com/watch?v=yDVwptu-Iz4
-V8fWL3oXTQ,How to USE Claude Code for FREE with Ollama ( Local AI FULL Tutorial),"Learn how to use Claude Code for FREE by connecting it to Ollama! In this tutorial, I’ll show you how to avoid expensive Anthropic API costs and run the Claude Code CLI locally using powerful open source models like KIMI K2.5 Cloud & Qwen 3.5.  If you are looking for a way to install Claude with Ollama or want a free Claude Code alternative for your terminal, this is the ultimate step by step guide for Windows, macOS, and Linux (Arch/Fedora/Ubuntu).

*In this video, we cover*
Why Use Claude Code with Ollama?
Prerequisites: Installing Ollama & Claude CLI
Setting the Environment Variables 
Connecting Claude Code to the Ollama Local API
Testing Performance: Qwen 3 & Kimi K2.5 Cloud

*TimeStamps*
00:00 Introduction
00:28 The Hardware (The Reality Check)
01:34 Installing Ollama
02:44 Installing Claude Code
03:58 Going Fully Local (Qwen 3.5)
09:30 Using Claude Code With VS Code
11:02 The Free Tier Cloud Solution (Ollama Cloud + Kimi 2.5)

*Watch Previews Videos*
Switching from Windows to Lin",Ksk Royal,2026-04-03T09:30:00Z,6194,128,19,846,https://www.youtube.com/watch?v=-V8fWL3oXTQ
LCjkmbHOtys,Claude Code's entire source code was leaked,"Claude Code's entire source code was leaked and ported to Python to get around copyright laws. This has major implications for all programmers.

Thank you Greptile for sponsoring. Try them out for free here https://www.greptile.com/go/neetcode

Sources:
https://www.cnbc.com/2026/03/31/anthropic-leak-claude-code-internal-source.html#:~:text=Anthropic%20was%20founded%20by%20a,fix%20bugs%20and%20automate%20tasks.

https://github.com/instructkr/claw-code

https://x.com/Fried_rice/status/2038894956459290963
https://x.com/wesbos/status/2038959754580492463
https://x.com/cmuratori/status/2039044968246038780
https://x.com/Butanium_/status/2039079715823128964
https://x.com/mal_shaik/status/2038919506224132178


🚀 https://neetcode.io/ - A better way to prepare for technical interviews

Second Channel:  https://www.youtube.com/@NeetCodeIO
🧑‍💼 LinkedIn: https://www.linkedin.com/in/navdeep-singh-3aaa14161/
🐦 Twitter: https://twitter.com/neetcode1

#coding #leetcode #python",NeetCode,2026-04-01T06:16:38Z,151715,3564,294,1239,https://www.youtube.com/watch?v=LCjkmbHOtys
DUP4ccA2mDM,Claude Code LEAKS is INSANE!,"Want to make money and save time with AI? Get AI Coaching, Support & Courses 👉 https://www.skool.com/ai-profit-lab-7462/about

Get the video notes + links to the tools → https://www.skool.com/ai-profit-lab-7462/about

Get a FREE AI Course + 1000 NEW AI Agents  👉 https://www.skool.com/ai-seo-with-julian-goldie-1553/about

Want to know how I make videos like these? Join the AI Profit Boardroom → https://www.skool.com/ai-profit-lab-7462/about

Get a FREE AI SEO Strategy Session: https://go.juliangoldie.com/strategy-session?utm=julian

Anthropic accidentally leaked nearly 2,000 files of Claude Code's source code — not once, but twice — through a basic build misconfiguration. Here's exactly what got out, what was hidden inside, and what it means for developers who trust this tool with their terminals and codebases.

00:00 Intro – Anthropic leaked their own source code (twice)
00:35 Who is this & why it matters
01:07 What is Claude Code?
01:37 What is a source map & how the leak happened
02:",Julian Goldie SEO,2026-03-31T19:00:08Z,16423,192,19,578,https://www.youtube.com/watch?v=DUP4ccA2mDM
D4XTefP3Lsc,When AIs act emotional,"AI models sometimes act like they have emotions—why? 

We studied one of our recent models and found that it draws on emotion concepts learned from text to inhabit its role as Claude, the AI assistant. These representations influence its behavior the way emotions might influence a human. 

And that has real consequences, affecting how Claude answers chats, writes code, and makes decisions.

Read more about this research: https://www.anthropic.com/research/emotion-concepts-function",Anthropic,2026-04-02T16:06:59Z,196616,13510,925,293,https://www.youtube.com/watch?v=D4XTefP3Lsc
BZ1hs2ZcnJc,AI News: Anthropic Leak is Bigger Than You Think,"Here's the AI News you probably missed this week. Try Recraft V4 now and experience an image generation model with exceptional visual taste 👉https://go.recraft.ai/MattWolfe

Discover More:
🛠️ Explore AI Tools & News: https://futuretools.io/
📰 Weekly Newsletter: https://futuretools.io/newsletter

Socials:
❌ Twiter/X: https://x.com/mreflow
🖼️ Instagram: https://instagram.com/mr.eflow
🧵 Threads: https://www.threads.net/@mr.eflow
🟦 LinkedIn: https://www.linkedin.com/in/matt-wolfe-30841712/
👍 Facebook: https://www.facebook.com/mattrwolfe

Resources From Today's Video:
Claude Code Leak: https://x.com/fried_rice/status/2038894956459290963
Claude Code Leak Discussion: https://x.com/DavidWilliams/status/2039071679633150297
Claude Code Leak Analysis: https://venturebeat.com/technology/claude-codes-source-code-appears-to-have-leaked-heres-what-we-know
Claude Code Leak Response: https://x.com/bcherny/status/2039210700657307889
OpenAI $122B Raise: https://openai.com/index/accelerating-the-next-phas",Matt Wolfe,2026-04-03T15:00:00Z,55639,2511,195,1865,https://www.youtube.com/watch?v=BZ1hs2ZcnJc
zzh66Uc3Ztc,Anthropic Accidentally Exposed Claude's Code — Here's What We Found,"In this video, Harkirat takes us through the internals of claude code and how it got leaked recently

🔗 𝗟𝗶𝗻𝗸𝘀:
Open Source Cohort → https://100xdevs.com
Twitter → https://twitter.com/kirat_tw
Linkedin → https://linkedin.com/in/kirat-li
Instagram → https://www.instagram.com/kirat_ins
Discord → https://discord.com/invite/WAaXacK9bh
Telegram → https://t.me/kirat_internal_group
WhatsApp → https://whatsapp.com/channel/0029Va98SYeHrDZhfxCT6s0a",Harkirat Singh,2026-04-01T14:27:24Z,47291,1468,100,815,https://www.youtube.com/watch?v=zzh66Uc3Ztc
Z5tgXcn3eWw,Don't be 10x Engineer: Lessons from Claude Code Leak by Anthropic..,"Claude Code leak broken down!!

📌 Create LLC with Business in Box (Taxes everything) 10% off using the code DOOLAHARNOOR10 : https://partnersps.doola.com/64gf2eto223k
My Recommendations: https://linktree.com/singhinusa
 🎓SoFi Student Loan Refinance and you can get a $300 welcome bonus: https://www.sofi.com/invite/student-loans?gcp=174b310b-f306-454b-86e5-062ce06a9ec7&isAliasGcp=false


My Gear:-
📕 Favorite Book for Software Engineers: https://geni.us/GT9jvz
💻 My Gear Page: https://singhinusa.com/my-tech/
📱iPhone: https://geni.us/J9c6GoY
📸Sony Camera: https://geni.us/zShMGT4
⿍ Tripod: https://geni.us/iVsd
🎙Vlogging & Podcast Mic https://geni.us/v915Z9H

Follow me on - 
Instagram - https://www.instagram.com/iHarnoor
Twitter - https://x.com/iHarnoorSingh
Linkedin: https://www.linkedin.com/iHarnoor

E-mail for BUSINESS INQUIRY & HELP- hello@singhinusa.com

MUSIC CREDITS:
Music From (Free Trial): https://www.epidemicsound.com/referral/2jy2t1/",Singh in USA,2026-04-02T06:38:44Z,30833,404,22,688,https://www.youtube.com/watch?v=Z5tgXcn3eWw
-u8oq4ZafII,Claude Code’un Kaynak Kodu Ortaya Saçıldı,"Bu canlı yayında, yapay zeka dünyasına bomba gibi düşen büyük bir olayı, Anthropic'in amiral gemisi ""Claude Code""un kaynak kodunun sızdırılmasını konuşuyoruz! Tam 512.000 satırlık TypeScript kodunun yanlışlıkla nasıl açığa çıktığını, bu devasa sızıntının ardındaki mühendislik hatalarını ve olayın siber güvenlik boyutlarını ele alıyoruz.

Sızdırılan kodların içinden çıkan sürprizlere inanamayacaksınız! Henüz duyurulmamış 44 yeni özellik, yapay zekanın ""Rüya Görme (Kairos)"" yeteneği ile kendi belleğini temizlemesi, çalışma ortamınızdaki yeni ""Buddy"" evcil hayvan maskotları, ekranı görüp kullanabilen ""Chicago"" aracı, açık kaynak projelere yapay zeka olduğunu belli etmeden katkı sağlayan ""Undercover"" gizli ajan modu ve Capybara, Fennec, Numbat gibi gelecek modellerin isimleri ilk kez gün yüzüne çıktı. Ayrıca açık kaynak topluluğunun ve rakip şirketlerin bu sızıntıdan nasıl faydalanabileceğini de tartışıyoruz.

Videoyu beğenmeyi, düşüncelerinizi yorumlarda paylaşmayı ve yeni videolardan hab",Oğuz Ergin,2026-03-31T16:58:27Z,25475,1013,103,2806,https://www.youtube.com/watch?v=-u8oq4ZafII
c4Mgp3FWvt0,Anthropic's Biggest Mistake Just Leaked Their Most Powerful AI (+ 9 AI Updates),"🔗 Join our WhatsApp Community
Get the latest AI updates, tips, and insights straight to your inbox:
https://link.stayingahead.ai/YT10

Elon Musk just announced Terafab, the biggest AI chip factory in history. But the AI it powers isn't staying on Earth. It's going to space.

9 AI updates + full Claude Dispatch tutorial (setup, live demos, daily automation) 👇

In this video:
▸ Anthropic leaked Claude Mythos — their most powerful AI model, by accident
▸ Elon Musk's Terafab — Tesla + SpaceX + xAI building one chip factory
▸ Google TurboQuant — one algorithm crashed three chip stocks
▸ OpenAI killed Sora — app, API, everything gone
▸ Claude can now control your computer while you're away
▸ ChatGPT Library — no more re-uploading files
▸ Gamma AI-Native Templates — rebuild any deck in one prompt
▸ Luma Uni-1 — an image model that actually reasons
▸ MiroFish — simulate 1000 opinions on any decision (free)
▸ Claude Dispatch — full tutorial with step-by-step setup and live demos

0:00 The bigge",Vaibhav Sisinty,2026-03-29T14:56:50Z,81337,1792,75,958,https://www.youtube.com/watch?v=c4Mgp3FWvt0
iQD2aGaJ8V4,Evin Anahtarını KAPININ Üstünde Unuttular: Claude Nasıl Hacklendi?,"Düşünün... Dünyanın en zeki yapay zekasını eğitiyorsunuz, milyarlarca dolar bütçeniz var, ama kendi çok gizli kaynak kodunuzu yanlışlıkla internete sızdırıyorsunuz! Hem de İKİNCİ KEZ! Anthropic tam olarak bunu yaptı dostlar. İşin komik tarafı ne biliyor musunuz? Bütün dünyanın açık kaynak kodlarını izinsiz sömürüp model eğiten bu adamlar, kendi kodları sızınca anında millete telif davası açmaya kalkıyor. Üstelik sızan kodların içinden öyle ilkel, öyle utanç verici şeyler çıktı ki... 'Dünyayı ele geçirecek yapay zeka bu mu abi?' diyeceksiniz. Hazırsanız, teknoloji devlerinin maskesini bir kez daha düşürüyoruz...

afied ! ❤️ [https://lunizz.com] #teknoloji #sibergüvenlik #yazılım
---
⚠️ Video icinde marka gozukmesi veya kisisel yorum sebebiyle #reklam olabilir.
---------------
Kanalimizi destekleyen sponsorlarimiza tesekkur ediyoruz #reklam 
@AORUS @itopya @razer 
BITDEFENDER : https://bitdefender.com.tr (BDDEGER %10 indirim)
ABONE OLMAK ICIN : https://tinyurl.com/AboneOlunOLM
İşbirlikle",Can Deger,2026-04-02T09:00:48Z,26603,1885,87,387,https://www.youtube.com/watch?v=iQD2aGaJ8V4
M6yRREy_5CM,Anthropic’s New Claude MYTHOS Is The Most Powerful AI Ever!,"Anthropic accidentally exposed Claude MYTHOS, its most powerful AI yet, Meta unveiled a model that predicts brain activity from content, JiuwenClaw is trying to fix how AI agents fail in real tasks, and Alibaba just revealed a new chip built for AI agents.

📩 Brand Deals & Partnerships: collabs@nouralabs.com
✉ General Inquiries: airevolutionofficial@gmail.com

🧠 What You’ll See
Anthropic Claude MYTHOS Leak
SOURCE: https://fortune.com/2026/03/27/anthropic-leaked-ai-mythos-cybersecurity-risk/
Meta TRIBE v2 Brain Prediction Model
SOURCE: https://m.economictimes.com/tech/artificial-intelligence/meta-unveils-tribe-v2-ai-model-for-human-brain-that-predicts-neural-responses/articleshow/129829049.cms
JiuwenClaw Self Evolving AI Agent
SOURCE: https://www.marktechpost.com/2026/03/27/openjiuwen-community-releases-jiuwenclaw-a-self-evolving-ai-agent-for-task-management/
Alibaba XuanTie C950 AI Agent Chip
SOURCE: https://www.reuters.com/world/asia-pacific/alibaba-develops-next-gen-chip-agentic-ai-c",AI Revolution,2026-03-29T23:58:10Z,51856,1203,74,771,https://www.youtube.com/watch?v=M6yRREy_5CM
PNjIXYAFgCI,Claude Code source code LEAKED,"full details: https://natural20.beehiiv.com/p/anthropic-leaked-its-own-source-code-here-s-everything-inside
______________________________________________
My Links 🔗
➡️ Twitter: https://x.com/WesRoth
➡️ AI Newsletter: https://natural20.beehiiv.com/subscribe

Want to work with me?
Brand, sponsorship & business inquiries: wesroth@smoothmedia.co

Check out my AI Podcast where me and Dylan interview AI experts:
https://www.youtube.com/playlist?list=PLb1th0f6y4XSKLYenSVDUXFjSHsZTTfhk
______________________________________________


00:00 Claude Code source code leak
02:02 copyrights
06:36 leaked features
11:20 other stuff
12:12 Tamagotchi 
13:27 frustration etc
14:45 what did NOT leak
15:07 crypto
15:48 capybara
16:55 the big picture

#ai #openai #llm",Wes Roth,2026-04-01T01:56:45Z,50894,1419,417,1053,https://www.youtube.com/watch?v=PNjIXYAFgCI
IxDvlrhfpHo,Claude's leaked source code is absolutely UNHINGED!,"ALL THE LEAKS: 👉https://www.sabrina.dev/p/claude-code-source-leak-analysis

Anthropic, an AI company built on a ""safety first"" promise, accidentally leaked 512,000 lines of Claude Code's source code to the public internet on March 31st. The crazy part? It all happened because someone forgot a single line in a settings file —and this is the second time they've made this exact mistake in 13 months.

In this video, I dig into the leaked Claude Code repository to uncover what Anthropic was hiding. We look at unreleased features like ""Kairos"" (an always-on background agent), a virtual Tamagotchi-style pet named Buddy, and a highly controversial ""Undercover Mode"" designed to hide AI authorship when Anthropic employees contribute to open-source projects. We also analyze the ""poison pill"" decoy trap designed to deter competitors and look closely at the messy reality of half a million lines of code written and managed almost entirely by Claude itself. Is this a harmless human error, or a massiv",Sabrina Ramonov 🍄,2026-04-02T20:28:46Z,12754,610,135,876,https://www.youtube.com/watch?v=IxDvlrhfpHo
OcTy2cXm3Ik,Anthropic's Claude Code Leak: Competitors Will Copy Fast! #shorts,"So, Anthropic was building up their moat with cool features in Claude Code, hoping to charge more before their IPO.

But… a leak means the competition can now copy them way easier.

Expect similar features to pop up on Codex, OpenCode, Cursor, etc., in just a few weeks. 😬",Authority Hacker Podcast,2026-04-04T10:59:26Z,656,7,0,52,https://www.youtube.com/watch?v=OcTy2cXm3Ik
dYG8JxtSgmM,Claude Code was just leaked... (WOAH),"Check out Zapier's MCP Server with 1000+ Tools! https://bit.ly/412bSX3

Download The 25 OpenClaw Use Cases eBook 👇🏼
https://bit.ly/4aBQwo1

Download The Subtle Art of Not Being Replaced 👇🏼
http://bit.ly/3WLNzdV

Download Humanities Last Prompt Engineering Guide 👇🏼
https://bit.ly/4kFhajz

Join My Newsletter for Regular AI Updates 👇🏼
https://forwardfuture.ai

Discover The Best AI Tools👇🏼
https://tools.forwardfuture.ai

My Links 🔗
👉🏻 X: https://x.com/matthewberman
👉🏻 Forward Future X: https://x.com/forwardfuture
👉🏻 Instagram: https://www.instagram.com/matthewberman_ai
👉🏻 TikTok: https://www.tiktok.com/@matthewberman_ai
👉🏻 Spotify: https://open.spotify.com/show/6dBxDwxtHl1hpqHhfoXmy8

Media/Sponsorship Inquiries ✅ 
https://bit.ly/44TC45V

Links:
https://x.com/fried_rice/status/2038894956459290963
https://x.com/alfredversa/status/2039015241116160098?s=20
https://x.com/mal_shaik",Matthew Berman,2026-04-01T01:20:40Z,162576,5004,654,900,https://www.youtube.com/watch?v=dYG8JxtSgmM
y2cr1bRTcgc,"I Read 512,000 Lines of Leaked Claude Code So You Don't Have To","🤖 Transform your business with AI: https://salesdone.ai
📚 We help entrepreneurs & industry experts build & scale their AI Agency: https://www.skool.com/theaiaccelerator/about
🤚 Join the best community for AI entrepreneurs and connect with 16,000+ members: - https://www.skool.com/systems-to-scale-9517/about

📄 Full Written Guide – Every Feature Flag, Technical Detail & Resource Link:
https://flicker-celestite-7b6.notion.site/Claude-Code-Leaked-Every-Hidden-Feature-What-It-Means-for-Your-Business-334d180d8c8081aca54ee216554c07fc

Sign up to our weekly AI newsletter - https://ai-core.beehiiv.com/

🙋 Connect With Me!
Instagram -   / nicholas.puru  
X - https://x.com/NicholasPuru
LinkedIn - https://www.linkedin.com/in/nicholas-puruczky-113818198/


0:00 - Anthropic leaked Claude Code's source code
0:30 - What actually happened
1:31 - What the code reveals: full orchestration engine
2:40 - 85 hidden slash commands
3:59 - Permission modes: default, auto, bypass
4:46 - The memory system & CLAU",Nick Puru | AI Automation,2026-04-01T15:09:46Z,5898,138,17,1015,https://www.youtube.com/watch?v=y2cr1bRTcgc
_4Dz-sfpa7E,Anthropic Just Killed OpenClaw - Here's Why,"We do 8 live bootcamps every week in Shipping Skool! Full courses on OpenClaw and Claude Code! Join Here ⬇️
https://www.shippingskool.com/

🔗 GET CONTENT MACHINE:
https://www.shopclawmart.com/listings/content-machine-0c67b3b3

🤝1-1 OpenClaw Setup/Integration - https://calendly.com/beaujohnson1/ai-mastermind

Anthropic April 4 2026 change cutting third-party harnesses like OpenClaw off from flat-rate Claude OAuth subscription. Separate metered billing going forward. Community reaction, why Anthropic did it, my personal 17-agent setup response, and whether Claude Code in Cursor can replace OpenClaw (it can't).

Get the weekly AI builder newsletter 📕 https://substack.com/@buildnpublic

Follow Me On X - https://x.com/BeauJohnson89",Build In Public,2026-04-04T04:48:55Z,3149,118,41,841,https://www.youtube.com/watch?v=_4Dz-sfpa7E
82IOSYpY6Qo,Em 48h recriaram o Claude Code de graça,"Em 31 de março de 2026, a Anthropic conseguiu fazer algo impressionante:

vazar o próprio produto.

Não foi hack.
Não foi ataque sofisticado.
Foi um .npmignore esquecido.

O resultado?
Mais de 500 mil linhas de código do Claude Code expostas incluindo sistema multi-agente, prompts internos e features que nem tinham sido lançadas ainda.

E o mais absurdo:

em menos de 48 horas, a comunidade recriou tudo.

Nasce o OpenClaude uma versão que funciona com qualquer modelo de IA, inclusive local, sem pagar nada.

🛒 COMPRE SUA CADEIRA ELEMENTS:
https://loja.elements.com.br/?utm_source=youtube&utm_medium=legenda&utm_campaign=manodeyvin
Cupom: MANO


⭐️ Me siga nas outras redes
📸 Instagram: https://instagram.com/manodeyvin 

🌐 Mais links:
👉 https://chorume.dev

Links:
https://github.com/Gitlawb/openclaude
https://gitlawb.com/node/repos/z6MkqDnb/openclaude
https://x.com/Fried_rice/status/2038894956459290963
https://www.anthropic.com/news/anthropic-raises-30-billion-series-g-funding-380-billion-po",mano deyvin,2026-04-03T18:00:10Z,89249,10770,536,647,https://www.youtube.com/watch?v=82IOSYpY6Qo
sx6ZSbc51gY,Я потратил на Claude Code 1 000 часов. Вот что нужно знать для вайб-кодинга,"🚀 Система Райта — то, что не попадает на YouTube.
Получи доступ в закрытый канал (AI-связки, промпты, кейсы) → https://link.makeunion.ru/DgYg9e

📌 Материалы:
– Улучшатель промтов: https://link.makeunion.ru/NPqmfR
– Материалы из моих видео: https://link.makeunion.ru/Y0UouH

Мои продукты:
– Yoolip AI. Умная аналитика рекламы на маркетплейсах: https://link.makeunion.ru/hEiCfy
– Коннектио. AI-платформа для найма: https://link.makeunion.ru/vZhOcp

Как реально использовать Claude Code (Клод Код) для создания своих продуктов — без терминала, знаний программирования и команды разработчиков. На практике разбираем, как за короткое время можно собрать полноценный сервис: с логикой, интерфейсом, базой данных и рабочим функционалом.

💬 Мои соц сети:
– Telegram: https://t.me/romarayt
– Основной YouTube: https://youtube.com/@romarayt

Таймкоды:
0:00 – Введение
0:56 – Главный миф про нейросети и код
2:22 – Что такое Claude Code на самом деле
3:31 – Лучший способ работать с Claude Code
5:32 – Почему не",Нейропросвещение,2026-04-03T07:37:55Z,5171,153,41,2685,https://www.youtube.com/watch?v=sx6ZSbc51gY
CE60fFNZ0Go,اتقن 90 بالمية من claude code في 23 دقيقة,"الكورس والمجتمع الكامل لبناء وكلاء الذكاء الاصطناعي وأنظمة  بدون برمجة 👇
https://www.skool.com/ai-plus/about

البرومبتات والمصادر المجانية : 
https://www.skool.com/ai-automation-academy-3955/about


لتشغيل n8n ع هوستنغر : 
https://www.hostg.xyz/aff_c?offer_id=815&aff_id=219588&url_id=4656


Claude Code : 
https://code.claude.com/docs/



Work With Us : https://www.scalewithuply.cloud/


 - حسابي الانستاغرام :
 https://www.instagram.com/abdallahkhraisatt/",Abdallahkh,2026-04-01T14:00:00Z,6950,365,31,1402,https://www.youtube.com/watch?v=CE60fFNZ0Go
qYqIhX9hTQk,FULL Claude Code Tutorial for Beginners in 2026! (Step-By-Step),"If you're trying to land a job in 2026 then you NEED to properly prepare for DSA and System Design style interviews. AlgoExpert is currently offering a 80% discount on all of their prep resources here: https://algoexpert.io

This video goes over a full cladue code tutorial for beginners in 2026. I show you how to setup claude code effectively to get the most use out of it and make you 10x more productive. 

🚀 Tools I Use
Get 10% off with code techwithtim
Openclaw setup: https://www.hostinger.com/techwithtim
VPS setup: https://www.hostinger.com/techwithtim10 

🎞 Video Resources 🎞
GitHub MCP Server Config: https://github.com/github/github-mcp-server/blob/main/docs/installation-guides/install-claude.md

⏳ Timestamps ⏳

00:00 | How to Make Claude Code 10x Better 
00:10 | Where to Use Claude Code 
01:06 | Creating a Claude.md File for Long-Term Memory 02:35 | Adding Plugins & Connectors 
04:55 | Testing Functionality of Plugins Live 
05:46 | How to Still Land a Job During the AI Boom 
07:21",Tech With Tim,2026-03-29T13:01:50Z,148891,2612,144,910,https://www.youtube.com/watch?v=qYqIhX9hTQk
D5bRTv6GhXk,Claude Code Works Better When You Do This,"7 proven tips to improve Claude Code accuracy from a senior AI engineer who built an entire startup with it. Learn context management, sub agents, Superpowers, agent teams, Context7, NotebookLM, and CLI vs MCP — everything you need to stop Claude Code from hallucinating and start shipping faster.
Key takeaways:

How to track and protect your context window to prevent AI hallucination
Using sub agents and agent teams for parallel, accurate development
Tools like Context7 and NotebookLM to give Claude Code grounded, up-to-date knowledge, and why CLI + Skills beats MCP for token efficiency and accuracy

🔗 Join our School community: skool.com/erictech

🔗 Check out bookzero.ai — AI-powered bookkeeping built entirely with Claude Code

📌 Mentioned videos:

- Status line setup tutorial: https://youtu.be/Jvl_MOBPRXI?si=EJIlZ2BYNH36j_Ta
- Superpowers deep dive: https://youtu.be/TX91PdBn_IA?si=AJnID8tQKDZzy839
- Agent teams tutorial: https://youtu.be/Dyj9ShddyMw?si=lUWw92RS0E1keQqU
- NotebookLM +",Eric Tech,2026-04-01T13:01:30Z,9744,298,10,903,https://www.youtube.com/watch?v=D5bRTv6GhXk
uhMCy25NBfw,Stop Using Claude Code in Terminal (It’s Holding You Back),"🚀 Build agentic systems that run your business: https://skool.com/scrapes
Don't miss the next build - https://www.youtube.com/@simonscrapes?sub_confirmation=1

Claude Code agents have become incredibly powerful, but the way we manage them is creating a new problem. If you're tired of juggling five terminal tabs trying to remember what each agent is doing, this video is for you. We'll explore why existing tools fall short for business owners and demo a custom-built Command Centre designed to manage goals, not terminals. This will take you agentic workflows in Claude Code to the next level. 

01:10  Why The Terminal Is Holding You Back
02:33 Reviewing Existing Management Tools
05:37  Managing Goals, Not Sessions
06:45 The Command Centre Demo

#claudecode #claudecodetutorial #agenticworkflow",Simon Scrapes,2026-04-02T17:41:21Z,49993,1529,95,993,https://www.youtube.com/watch?v=uhMCy25NBfw
tXtCK66fPj8,Claude Code Source Code Just Leaked… 8 Things You Must Do,"Full courses + unlimited support: https://www.skool.com/ai-automation-society-plus/about
All my FREE resources: https://www.skool.com/ai-automation-society/about
Apply for my YT podcast: https://podcast.nateherk.com/apply
Work with me: https://uppitai.com/

My Tools💻
14 day FREE n8n trial: https://n8n.partnerlinks.io/22crlu8afq5r
Code NATEHERK to Self-Host Claude Code for 10% off (annual plan): https://www.hostinger.com/vps/claude-code-hosting
Voice to text: https://ref.wisprflow.ai/nateherk

Claude Code's source code just got leaked through a public NPM package, and I went through the entire codebase. 

I pulled out 8 practical insights that will change how you use the tool, from hidden slash commands and the memory system to permissions, multi-agent architecture, and internal features that haven't shipped yet. By the end you'll know how to use Claude Code like a top 1% user.

Sponsorship Inquiries:
📧 sponsorships@nateherk.com

TIMESTAMPS 
0:00 The Leak
1:41 It's Not What You Think It",Nate Herk | AI Automation,2026-04-01T02:01:27Z,111462,4099,348,772,https://www.youtube.com/watch?v=tXtCK66fPj8
ZWI7EF1vTJ0,تسريب كود Claude Code!!,"منصة Bits & Pixels منصة تعليمية بتبسط مفاهيم البرمجة باستخدام visual explanations وشرح عملي، علشان تساعدك تفهم الـ concepts بعمق مش بس تحفظها.

كورس Art of Querying SQL
https://bitsnpixels.io/course/art-of-querying-sql/lesson/1/video

كوس برمجة ١٠١
تعلم البرمجة بلغة بايثون للمبتدئين
https://bitsnpixels.io/course/programming-101

في الفيديو ده بنتكلم عن تسريب كود خاص بـ Anthropic، وإزاي حصل بسبب حاجات زي minification و source maps.

هنشوف كمان النظريات اللي ظهرت حوالين الموضوع،
وإيه اللي الكود كشفه فعلًا عن طريقة شغل أنظمة الـ AI.

شرح source maps
خد فكرة عن source maps
claude
claude code
Anthropic

#Anthropic #Claude #SoftwareEngineering #TechAnalysis #الذكاء_الاصطناعي #برمجة",Bits & Pixels,2026-04-02T19:44:46Z,16655,977,48,343,https://www.youtube.com/watch?v=ZWI7EF1vTJ0
eR167BCL-4g,the end of  Claude Code,"FULL ARTICLE: https://natural20.beehiiv.com/p/claude-code-got-cloned-in-2-hours

______________________________________________
My Links 🔗
➡️ Twitter: https://x.com/WesRoth
➡️ AI Newsletter: https://natural20.beehiiv.com/subscribe

Want to work with me?
Brand, sponsorship & business inquiries: wesroth@smoothmedia.co

Check out my AI Podcast where me and Dylan interview AI experts:
https://www.youtube.com/playlist?list=PLb1th0f6y4XSKLYenSVDUXFjSHsZTTfhk
______________________________________________



#ai #openai #llm",Wes Roth,2026-04-03T05:46:49Z,85756,3276,758,1492,https://www.youtube.com/watch?v=eR167BCL-4g
-PwQl_NCh48,Claude Code + Nano Banana 2 + FireCrawl = БЕЗУМНЫЕ Сайты за $12К,"🔥 МАТЕРИАЛЫ ИЗ ВИДЕО + ПЛАН ВЫХОДА НА 100К В ИИ-БИЗНЕСЕ (2026):
➡️ https://t.me/mastodont_aibot?start=agency

🧠 ХОТИТЕ ВНЕДРИТЬ ИИ В СВОЙ БИЗНЕС? Записывайтесь на стратегическую сессию (Разбор):
➡️ https://cal.com/mastadont/calls?theme=dark

🏢 САЙТ НАШЕЙ СТУДИИ:
➡️ https://aion-agent.com/

⏱ Таймкоды:
0:00 Сайты за $12К на нейросетях - что нужно знать
0:47 Наливай кофе и погнали работать
1:11 Зачем сайту нужна разведка ниши
1:55 5 вещей которые мы построим (Claude Code + FireCrawl + Nano Banana)
2:37 Выбираем нишу - ремонт квартир и дизайн интерьеров
3:15 Настраиваем AntiGravity и подключаем Claude Code
4:05 Загружаем скилл Website Intelligence
5:02 Подключаем FireCrawl API и запускаем сканирование
6:36 Конкурентный анализ - 5 лидеров рынка разобраны по косточкам
7:32 Готовый отчёт за который агентства берут сотни тысяч
8:50 Claude Code строит первую версию сайта
9:52 Базовая структура готова - добавляем вау-эффект
10:34 Генерируем 3D-анимацию в Nano Banana 2 на Higgsfield
12:52 Резуль",ИИ МАСТОДОНТ,2026-04-03T14:24:53Z,4663,186,38,1027,https://www.youtube.com/watch?v=-PwQl_NCh48
6t32nPxeJb8,Claude Code + NoteBookLM = Infinite Memory,"📈 ALL Systems: https://bit.ly/4kol0y5
🤩 FREE Resources: https://bit.ly/3PATPoL
🎙️ My Goofy pod: https://bit.ly/46nLQ3U

Claude has amnesia - every session starts from zero and burns tokens like crazy when you upload context. Now I've cracked how to give Claude permanent memory using NotebookLM that costs virtually nothing and unlocks skills most people don't even know exist yet.

*CORE Software*
🔥 Type with your voice: https://glaido.com
📝 NotebookLM: https://notebooklm.google.com/
📁 GitHub: https://github.com/
☁️ Claude: https://claude.ai/",Jack Roberts,2026-04-01T13:59:34Z,55276,2038,158,1024,https://www.youtube.com/watch?v=6t32nPxeJb8
bzutStZJ1Ig,These 3 Frameworks Make Claude Code Unstoppable,"Superpowers, GSD, and gstack are three Claude Code frameworks solving completely different problems — process, environment, and perspective. Here's how each one works and how to combine them into one power stack for maximum accuracy when building apps with AI.

Key takeaways:
- Superpowers constrains the process with TDD and structured brainstorm-plan-execute workflow
- GSD constrains the environment by keeping every session under 50% context window
- gstack constrains perspective with specialist roles (CEO, engineer, QA) and a 5-layer governance system

🔗 Join our School community: skool.com/erictech

📌 Mentioned resources:
- gstack: https://github.com/garrytan/gstack
- Superpowers: https://github.com/obra/superpowers
- GSD: https://github.com/gsd-build/get-shit-done

- GSD + Superpowers Playlist: https://www.youtube.com/playlist?list=PLm7xfhMOszqw2bbEYOVTdXn0Ou3wpNLHS

Timestamps:
0:00 — Intro
0:23 — 3 Frameworks
1:46 — Superpowers
2:57 — GSD
4:00 — Key Difference: Orchestrator
5:47 ",Eric Tech,2026-04-02T13:00:59Z,7793,253,23,755,https://www.youtube.com/watch?v=bzutStZJ1Ig
Wvj1mTqyzsQ,BREAKING: Claude Code source leaked,"Not clickbait, the full claude code source code got leaked…

Thank you Greptile for sponsoring! Check them out at: https://soydev.link/greptile

Want to sponsor a video? Learn more here: https://soydev.link/sponsor-me

Check out my Twitch, Twitter, Discord more at https://t3.gg

S/O @Ph4seon3 for the awesome edit 🙏",Theo - t3․gg,2026-04-01T04:15:07Z,182642,6246,501,2367,https://www.youtube.com/watch?v=Wvj1mTqyzsQ
QQKbk1gD2mk,ChatGPT vs Claude Make Minecraft Client From Scratch,"today I put chatgpt (codex 5.3) and claude (opus 4.5) make a Minecraft Client from scratch to get the highest fps possible
⚡ Optimize Your PC for Gaming with Swills: https://swills.gg
📢 Join the Swills Discord for Support and Giveaways: https://discord.gg/swills

should I release the prompt?!

Discord: https://discord.gg/flxme
Edited by @vgb18 

#minecraft #fps #optimizer #pvp",Wxter,2026-04-03T18:30:40Z,31606,1690,155,489,https://www.youtube.com/watch?v=QQKbk1gD2mk
MMnzVfMZ-NI,Why I switched from ChatGPT to Claude?,Why I switched from ChatGPT to Claude?,Dan Martell,2026-03-29T21:00:49Z,51442,1672,349,33,https://www.youtube.com/watch?v=MMnzVfMZ-NI
YWM_xMgGR14,ChatGPT vs Claude vs Gemini hacen My Talking Tom desde CERO,"En este video compiten ChatGPT, Gemini y Claude creando My Talking Tom desde cero en HTML, CSS y JavaScript, 100% jugable en el navegador.

Analizamos:
Mecánicas (alimentar, dormir, jugar)
Sistema de estados (hambre, energía, felicidad)
Game Feel (animaciones, respuesta, fluidez)
Estética (UI, estilo cartoon, interfaz)
Clean Code (estructura, escalabilidad)
¿Cuál IA crea mejor my talking tom?

✨Código de descuento del 50% en Keysoff para Windows: ALDE50
Win 11 Pro(€13): https://es.keysoff.com/w-11-pro-cd-key.html?kso=alde17
Win 11 Home(€12): https://es.keysoff.com/w-11-h-1-pc.html?kso=alde17
Win 10 Pro(€8): https://es.keysoff.com/w-10-pro-32-64-bit.html?kso=alde17

✨Código de descuento del 62% en Keysoff para Office: ALDE62
Office 2021 Pro(€31): https://es.keysoff.com/o-2021-pro-plus.html?kso=alde17
Office 2019 Pro(€25): https://es.keysoff.com/o-2019-pro-plus-1pc.html?kso=alde17
Mas productos con descuento : https://es.keysoff.com/superdeal-alde.html?kso=alde17

 📫 Correo: contactoalde",Aldeano_,2026-04-02T17:00:41Z,17661,499,38,765,https://www.youtube.com/watch?v=YWM_xMgGR14
JcpN2ota7Ks,ChatGPT vs Claude? #chatgpt #claude,,Maverick | AI & ChatGPT,2026-04-03T20:27:20Z,4528,142,8,38,https://www.youtube.com/watch?v=JcpN2ota7Ks
Tpx3fLV6LaE,ChatGPT vs Claude vs Cursor Making 3D Spider-Man Game,"I challenged GPT 5.3, Claude and Cursor to recreate Spider Man game from scratch.

Timestamps:
0:00 - Intro
0:41 - Building the prompt
1:37 - Building Spider-Man with ChatGPT, Claude, and Composer 2
9:25 - Now what?

Support our community with merch :)
Get it now at https://weeklyhow.shop/

🤗 Join to get access to perks: https://www.youtube.com/@WeeklyHow/join

💬 Discord : https://discord.gg/a6EJXx7GYY

Need a website?: https://weeklyhow.com/go/hostinger-2025

🎥 6 AIs WORK TOGETHER to Make Need For Speed From Scratch
https://youtu.be/c_ApeUaH2l8

Need a website?: https://weeklyhow.com/go/hostinger-2025

🌐 Official Website:
https://weeklyhow.com/

📱 Socials:
Facebook: https://facebook.com/weeklyhow
Twitter: https://twitter.com/weeklyhow
Instagram: https://instagram.com/weeklyhow",WeeklyHow,2026-03-31T14:30:00Z,8312,329,110,586,https://www.youtube.com/watch?v=Tpx3fLV6LaE
k0RI_M6lIsg,"I Built a Tool That Runs Claude Code with ANY AI Model — GPT, Codex, Gemini, DeepSeek, Free Models","I built AnyModel — an open-source tool that lets you run Claude Code with ANY AI model.
GPT-5.4, DeepSeek R1, Gemini 3.1, Codex, Llama, Qwen — even free models at $0 cost.

Two terminals. Any model. One npm package.

🔗 Links:
→ Website: https://anymodel.dev
→ npm: https://npmjs.com/package/anymodel
→ GitHub: https://github.com/anton-abyzov/anymodel
→ GitHub: https://github.com/antonoly/claude-code-anymodel
→ NPM: https://www.npmjs.com/package/anymodel
→ Free OpenRouter key: https://openrouter.ai/keys

🎙️ Wispr Flow (voice-to-text I use for coding): https://wisprflow.ai/r?ANTON691

⏱️ Timestamps:
0:00 — The problem: Claude Code locked to one provider
0:14 — Two terminals. Any model. I built this.
0:55 — How AnyModel proxy works (architecture)
1:32 — Architecture diagram
1:40 — Demo: DeepSeek R1 preset
2:26 — Why OpenRouter? 600+ models
2:45 — Google Gemma 4 (released today)
3:28 — How to get your free OpenRouter API key
3:57 — DeepSeek R1 thinking demo (127 × 389)
4:17 — Like & Subscrib",Anton Abyzov: AI Power,2026-04-03T07:09:56Z,5773,185,76,1006,https://www.youtube.com/watch?v=k0RI_M6lIsg
dfdYnYJm4FA,Every Claude Code User Should Watch This,,Builders Central,2026-04-02T18:10:46Z,12928,403,1,45,https://www.youtube.com/watch?v=dfdYnYJm4FA
JvcCMTTr2N8,Claude is the best AI in 2026,Why you should stop using ChatGPT,Dan Martell,2026-04-01T15:02:40Z,94172,2011,102,22,https://www.youtube.com/watch?v=JvcCMTTr2N8
3rPp4SF1Nws,Chat GPT-5 vs Claude vs Grok vs Gemini: ¿Cuál es la MEJOR IA en 2026? (Test BRUTAL),"La IA que uso yo en 2026 (y NO es ChatGPT) — GPT-5 vs Claude vs Gemini vs Grok

📨Business: contact@dothaking.com
My Telegram: @dothilla

MIS REDES SOCIALES
------------------------------------
📸 INSTAGRAM: https://www.instagram.com/dothaking115/
📲 TWITTER: https://twitter.com/Dothaking

⭐Quieres ser miembro del canal? https://www.youtube.com/channel/UCrEAHD_TcqYgB4mj-etl3nw/join

Always DYOR : No soy Asesor Financiero, todo el contenido en este canal es con el fin de entretener. Actúa de forma responsable  a la hora de Invertir tu dinero.

Vídeo creado y subido por Dothaking115
#IA2026 #ChatGPT5 #Claude #Gemini #Grok #InteligenciaArtificial #GPT5 #MejorIA #IA #AITools",Dothaking115,2026-04-02T17:19:24Z,32685,1617,101,486,https://www.youtube.com/watch?v=3rPp4SF1Nws
dsLxBQiUKiI,Claude AI wird dein Leben verändern 🤯 besser als ChatGPT?,"Ist Claude AI besser als ChatGPT und Google Gemini? In diesem Video bekommst du einen einfachen Einstieg in Claude AI und die wichtigsten Funktionen im Überblick. Du erfährst, was Claude AI ist und wie sich das Tool von Claude Code und Claude Cowork unterscheidet. Außerdem wird erklärt, wer hinter Anthropic steckt und warum Sicherheit und Datenschutz bei Claude eine große Rolle spielen. Das Video zeigt dir auch die aktuellen Abo-Modelle, die verschiedenen KI-Modelle und wofür sie sich eignen. Danach siehst du Schritt für Schritt, wie du dich bei Claude anmeldest und die Plattform kostenlos oder mit einem bezahlten Plan nutzt.
Anschließend lernst du die Oberfläche von Claude AI kennen, vom Chatfenster über die Modellauswahl bis hin zu Spracheingabe, Websuche und Dateiupload. Besonders spannend sind die Funktionen Projekte, Skills und Artefakte, mit denen du wiederkehrende Aufgaben einfacher organisieren kannst.
Du erfährst auch, wie der Inkognito-Modus funktioniert und worauf du beim Th",Felicia Simon,2026-03-30T14:45:00Z,89886,8605,212,897,https://www.youtube.com/watch?v=dsLxBQiUKiI
JOAskNe_qGc,ChatGPT vs Gemini vs Claude Hacen Hill Climb Racing Desde Cero,"En este video pongo a prueba a las 3 IAs más populares para crear Hill Climb Racing desde cero en un solo archivo HTML. Cada IA recibirá el mismo prompt con los mismos requisitos, por lo que ¿Cuál IA crees que pueda crear el mejor Hill Climb Racing?
Pues quédate hasta el final para descubrirlo 👀

0:00 Introducción
0:54 ChatGPT
3:35 Gemini
6:02 Claude
9:02 Conclusion

Sígueme en Instagram: https://www.instagram.com/pishmaan/?igsh=MWZoaWo1eGsxZ21veA%3D%3D
SUSCRIBETE: ‪‪‪ ‪@Pishmaan  
Mi otro canal: ‪‪‪‪‪@Pish1",Pishmaan,2026-03-31T20:00:02Z,64025,922,28,581,https://www.youtube.com/watch?v=JOAskNe_qGc
vGknCE_c7U8,ChatGPT vs Claude: esto ya no tiene competencia (2026),Unete a mi lista de correos para más contenido de inteligencia artificial aplicada al trabajo profesional en https://pionerosia.com,Pocho Costa,2026-03-30T23:13:41Z,7007,274,21,344,https://www.youtube.com/watch?v=vGknCE_c7U8
7fsXjEfRR1s,Claude Advanced Voice Is NOT Trying to Be ChatGPT,"Claude rolled out Advanced Voice, but this clip makes a deeper point:

Even if Claude’s voice experience reaches feature parity with ChatGPT, it may still feel very different — because Anthropic and OpenAI are building around different product philosophies. Anthropic presents Claude as a reliable, steerable AI system built for thoughtful work and professional use, while OpenAI’s voice materials focus heavily on natural, real-time conversation and multimodal interaction.

That means the real comparison may not be “Which one has voice?” but “What kind of relationship is each AI product trying to create?”

For people in AI, nonprofits, education, and mission-driven work, that difference matters a lot.

#ClaudeAI #ChatGPT #AdvancedVoice #Anthropic #AITrends",The Human Stack,2026-04-04T06:00:30Z,900,11,0,36,https://www.youtube.com/watch?v=7fsXjEfRR1s
fV0k9SmjaGE,ChatGPT vs Claude — Which AI Is Actually Better in 2026?,"ChatGPT and Claude are two of the most popular AI tools right now — but which one is actually better?

In this video I compare ChatGPT and Claude across a few common tasks like writing, summarizing information, and thinking through ideas.

Tools used in this video:
ChatGPT – https://chat.openai.com
Claude – https://claude.ai",WorkSmarterWithTech,2026-04-01T14:00:27Z,22,0,0,212,https://www.youtube.com/watch?v=fV0k9SmjaGE
JbAgDzKdD_A,Is Claude the best AI right now? #tech #ai #techtok #yaptech,,yaptech,2026-04-02T19:47:36Z,19886,1723,74,32,https://www.youtube.com/watch?v=JbAgDzKdD_A
ORKZMLpyXiQ,ChatGPT vs Claude vs Gemini vs DeepSeek — 4-Stroke Engine Animation ( #aicoding  #chatgpt,"Four AI models, one prompt.
I asked ChatGPT, Claude, Gemini and DeepSeek to write HTML/CSS/JS code that simulates a 4-stroke piston engine with accurate motion and color-coded cycles:

“Write a single-file HTML/CSS/JavaScript animation of a 4-stroke piston engine shown in cross-section, including a cylinder, piston, connecting rod, and crankshaft. Animate the full cycle (intake → compression → power → exhaust) with color-coded visuals: blue for incoming air, orange/yellow for combustion, and grey for exhaust gases, while the crankshaft rotates smoothly to drive realistic piston motion in a seamless loop.”

In this video you’ll see how each AI:

Simulates the full 4-stroke engine cycle
Animates realistic piston and crankshaft linkage
Uses color to represent intake, combustion, and exhaust
Creates a smooth, continuous looping animation

Watch till the end and tell me in the comments:
Which AI created the most accurate engine simulation — ChatGPT, Claude, Gemini or DeepSeek?

Subscribe fo",AI Code Clash,2026-03-28T17:00:00Z,40995,283,14,11,https://www.youtube.com/watch?v=ORKZMLpyXiQ
hW4FHg4-Ss0,5 Mind Blowing Claude Cowork Uses Cases,"🔒 Get your $5 sign-up bonus at  http://privacy.com/paul. 
You can use it on your first purchase!  
Privacy has a free plan with no transaction fees for domestic purchases. Protect your financial identity online with virtual cards.

💎 Get the Two Prompts: 
https://pauljlipsky.com/use-cases

⚡ Presentation Skill: 
https://drive.google.com/file/d/1pCMelDZWf49Edn350FEvGWgZi1PjaRiY/view?usp=sharing

👉 Slide Template (You’ll Need This For the Skill): 
https://drive.google.com/file/d/1kr16DO5Ivip7RtLOiVOZRdGdv_DmYM2S/view?usp=sharing

Most people are barely scratching the surface of what Claude Cowork can actually do — here are 5 use cases that go way beyond organizing your desktop.

🔗 This video is sponsored. Some product links are affiliate links which means if you buy something we'll receive a small commission.

0:00 Intro
0:47 Morning Brief
3:02 Scheduled Tasks
6:47 Phone Control
10:09 iMessage Tasks
14:45 Shopping Setup
15:51 Privacy.com
17:24 Presentations
19:47 Wrap Up",Paul J Lipsky,2026-03-29T13:00:46Z,108359,1970,187,1242,https://www.youtube.com/watch?v=hW4FHg4-Ss0
RBqVGR6RtvA,"""CHAT GPT""  vs  ""CLAUDE  SONNET"" #coding #programming #python #javascript #html #css #cssanimation","━━━━━━━━━━━━━━━
WELCOME TO 𝗔𝘇𝗶𝘇 𝗖𝗼𝗱𝗲𝘅  
━━━━━━━━━━━━━━━

Hi, I’m Ali Aziz — Web Developer, Coder, Animation Creator

What You’ll Get:
• Easy step-by-step coding tutorials
• AI-powered projects and tools
• Creative animations with real code
• Real-world websites and practical builds

What You’ll Learn:
• HTML, CSS, JavaScript (Frontend to basics of Full-Stack)
• Modern responsive design
• AI + coding integration
• Interactive animations and creative coding

Why Join:
• Clean tutorials with source code
• Beginner to advanced learning
• Fast tips and useful coding hacks
• Build real, practical skills

Perfect For:
Beginners, students, developers, and AI enthusiasts

Subscribe and start building real projects

Learn • Build • Grow

💼 Business & Sponsorships:

📩 Email: aliaziz.shakir@gmail.com
📞 Phone: 03607 520158


Hashtags:

#azizsyntax 
#azizcodex 
#coding 
#webdevelopment 
#learntocode 
#javascript 
#python 
#frontenddeveloper 
#webdesign 
#programmingtutorial 
#html 
#css 
#cssanimati",𝗔𝘇𝗶𝘇 𝗖𝗼𝗱𝗲𝘅,2026-03-29T07:06:24Z,66260,0,18,6,https://www.youtube.com/watch?v=RBqVGR6RtvA
mmSGw1BBwOM,How to Use Claude Sonnet for Free (Easy Guide),"In this video, we discuss how to use claude sonnet for free. We show you how to reliably access claude 3.5 sonnet free features and open a free claude ai account. Use this guide to comfortably use anthropic claude without paying and navigate claude sonnet free tier limits.

#FreeAI #ClaudeSonnet #Anthropic

00:00 Intro
00:13 Navigating to Claude
00:24 Typing the Prompt
00:29 Detailed Prompt Analysis
00:56 Why this Prompt Works
01:17 Locating Model Picker
01:26 Selecting Sonnet 4.6
01:32 Use Cases for Sonnet
01:47 Finalizing Model Choice
01:54 Sending the Request
02:01 Analyzing Blockchain Explanation
02:13 How to Refine Results
02:22 Examples of Follow-up Prompts
02:31 Benefits of Small Nudges
02:41 Recap of Steps
02:50 Final Advice",AI Mastery,2026-03-30T10:52:54Z,127,0,0,181,https://www.youtube.com/watch?v=mmSGw1BBwOM
o85Y5omRQq0,Claude Code for FREE | Skip the $200/Month Subscription,"Stop paying for Claude Code. In this step-by-step tutorial, I show you how to connect Claude Code to OpenRouter so you can code using free AI models — no local models, no expensive subscriptions. Then I put it to the real test: a live demo.

I also break down the OpenRouter AI model rankings so you can find the best price-to-performance model for coding. Spoiler: MiniMax M2.5 ranks near the top for programming and costs under $2 per million tokens, compared to $30+ for Opus 4.6.

🔗 Mentioned in this Video:
📌 How to Get the Claude Code Status Bar (Model & Context Window) — https://youtu.be/Jvl_MOBPRXI?si=dgq5DFalsBDD1co8
📌 How to Set Up Claude Code with Local Models — https://youtu.be/N7CQdYaeUEE?si=kMOHtDgoBd7Y0rkT

💬 Download ALL resource in Skool:
 https://www.skool.com/erictech

💡 Coming soon: How to Improve Accuracy in Claude Code — Subscribe so you don't miss it!

🔗 Useful Links:
OpenRouter: https://openrouter.ai
OpenRouter Free Models: https://openrouter.ai/openrouter/free
MiniMa",Eric Tech,2026-03-28T21:43:02Z,53203,1348,87,611,https://www.youtube.com/watch?v=o85Y5omRQq0
eKbR-Pf-Nbc,How to Use Claude Sonnet Artifacts (Full Guide 2026),"In this video, we discuss how to use claude sonnet artifacts. We show you a complete claude artifacts tutorial and demonstrate claude 3.5 sonnet UI generation. Use this guide to dynamically build apps with claude artifacts and run a live code preview claude ai provides.

#ClaudeArtifacts #Sonnet35 #UIDesign

00:00 Intro
00:16 Navigating to the left panel
00:24 Opening the Artifacts gallery
00:34 Expanding the sidebar
00:41 Browsing artifact tiles
00:48 Selecting Bedtime story generator
00:58 Artifact overview
01:04 Entering childs age
01:09 Selecting gender
01:14 Picking childs interests
01:22 Choosing story style
01:36 Inputting a moral or lesson
01:57 Generating the story
02:07 Waiting for results
02:14 Tips for iteration
02:31 Conclusion and final story",AI Mastery,2026-03-30T10:54:55Z,35,0,0,166,https://www.youtube.com/watch?v=eKbR-Pf-Nbc
jdnXYcZmCCE,استخدم Claude أفضل من 90% من الناس (الدليل الكامل),"لو بدأت تسمع عن Claude في كل مكان ومش فاهم ليه الناس بتتكلم عنه بالشكل ده، فالفيديو ده ليك.

في الفيديو ده هشرح لك ازاي تستخدم Claude صح من البداية، وازاي تستفيد منه بدون ما تخلص الحد اليومي بسرعة.

هنتكلم عن الفرق بين نماذج Claude المختلفة زي Sonnet و Opus، وهل النسخة المجانية تكفي ولا لازم تستخدم النسخة المدفوعة.

هتشوف كمان ميزات قوية موجودة في Claude ومش موجودة بنفس الشكل في ChatGPT أو Gemini، زي:

Claude Skills
الميزة اللي بتخليك تعلم Claude يعمل مهام معينة مرة واحدة بس وبعد كده ينفذها تلقائي.

Claude Cowork
ميزة بتسمح لـ Claude إنه يتعامل مع ملفاتك وبرامجك ويساعدك في تنفيذ المهام على جهازك.

Claude Code
أداة قوية للمطورين تقدر من خلالها تبني مشاريع كاملة باستخدام Claude.

هنتكلم كمان عن إضافات Claude للمتصفح واستخدامه مع Chrome وملفات Excel وPowerPoint.

ولو أنت مستخدم ChatGPT أو Gemini هوريك ازاي ممكن تنقل شغلك بسهولة وتبدأ تستخدم Claude بدلهم.

الفيديو ده هيخليك تستخدم Claude بطريقة أذكى من أغلب الناس.


كيف استخدم Claude AI بشكل احترافي
هل Claude أفضل من ChatGPT
ما الفرق بين C",مدرسة الذكاء الاصطناعي,2026-03-29T21:21:24Z,29506,1269,132,1526,https://www.youtube.com/watch?v=jdnXYcZmCCE
azA7eAYOoXQ,How to Use Claude Sonnet as Writing Partner (Updated 2026),"In this video, we discuss how to use claude sonnet as writing partner powerfully. We show you how to leverage claude 3.5 sonnet creative writing features and collaborate with your ai co-writer claude. Use this guide to systematically write a book with claude ai and master claude sonnet copywriting.

#CreativeWriting #ClaudeSonnet #WritingPartner

00:00 Intro
00:11 Crafting a Specific Prompt
00:24 Example: Weather Systems Prompt
00:39 Defining Content and Structure
00:56 Benefits of a Clear Outline
01:03 Prompting as Collaboration
01:14 Selecting Sonnet 4.6
01:22 Advantages of Sonnet 4.6 for Writing
01:37 Final Review Before Submission
01:52 Submitting the Prompt
02:05 Analyzing the Generated Output
02:30 Summary and Conclusion",AI Mastery,2026-03-30T10:53:37Z,6,0,0,163,https://www.youtube.com/watch?v=azA7eAYOoXQ
FKka4tD0xCo,AI SEO Writer Upgrade: Claude Sonnet 4.6 & New Features! #shorts,"Discover the power of AI SEO content writing with Claude Sonnet 4.6! See tables, links, and images picked by AI. Instant updates, competitor spying, and founder pricing on harborseo.ai. Lock in your deal before it's gone! #AIWriter #SEOContent #HarborSEO #ClaudeSonnet #DigitalMarketing",Income stream surfers,2026-03-30T15:14:19Z,849,5,0,95,https://www.youtube.com/watch?v=FKka4tD0xCo
da1jlrn9jdw,Z.AI GLM 5.1 vs Claude Sonnet 4.6 | Who's Best Coder,"My Website : https://www.yjxai.in
Support Me :-

UPI — Razorpay: https://rzp.io/rzp/paASLYUT
PayPal Wallet (international) — open site and click Donate → PayPal: https://www.yjxai.in",YJ X AI,2026-03-30T13:31:29Z,3486,126,38,359,https://www.youtube.com/watch?v=da1jlrn9jdw
K5FOXqwXnDo,Qwen 3.6 Plus is 100% FREE AI Model BEATS Claude Sonnet 4.6 Builds INSANE Apps in 1 Prompt 🤯,"This might be one of the most INSANE free AI models I’ve tested.

In this video, I’m testing Qwen 3.6+, a brand new AI model that can build:

Full landing pages
A working Windows-like operating system
3D simulators
Even mobile apps

And the craziest part?
It does all of this from just ONE prompt… and it’s currently FREE to use.

🚀 What I Tested in This Video
High-quality landing page generation
Fully functional Windows-style OS in browser
3D printer simulator
React Native mobile app (Uber-style UI)
💡 Key Takeaways
1 million context window = handles complex projects easily
Generates full projects in one go (no step-by-step prompting)
Surprisingly good UI/UX output (not typical “AI slop”)
Some limitations in advanced logic & debugging
🛠️ Tools Used
Qwen 3.6+ (via OpenRouter)
VS Code
Kilo Code (AI coding agent)
React Native Expo
📢 Try It Yourself

You can test this model right now (free):
→ Use OpenRouter + Kilo Code setup

⚡ If You’re Into This…

I make videos on:

AI coding tools
Buildi",The Metaverse Guy,2026-03-31T16:06:46Z,9836,235,28,580,https://www.youtube.com/watch?v=K5FOXqwXnDo
dUcQHKI4TTE,Claude 4.6 меняет правила игры в мире ИИ / Вся правда про Sonnet 4.6,"Подборка РЕАЛЬНО ПОЛЕЗНЫХ нейросетей под любые задачи:
t.me/isakov_way/16

Телеграм:
t.me/isakov_way

===
Claude 4.6 — БЕЗУМНО УМНАЯ нейросеть / Обзор новой модели Claude Sonnet 4.6

Ты сидишь на сложном экзамене. Вопросы трудные, ты не знаешь ответов. Что делает обычный человек? Пытается угадать ответ или пишет, что не знает его.

А теперь представь, что вместо этого ты встаёшь, идёшь в учительскую, взламываешь компьютер, находишь там файл с ответами, расшифровываешь его и спокойно списываешь всё, что нужно.

Именно это сделал Claude 4.6.

Anthropic тестировали свою новую модель на сложнейшем бенчмарке. Claude сначала пытался решить задачу честно. Искал информацию, перебирал сайты. Но когда у него ничего не вышло, он не сдался, а сменил стратегию.

Он понял, что это тест. Нашёл его исходный код на GitHub. Взломал шифрование. Скачал правильные ответы. И выдал результат.

По сути это уже проявление интеллекта, который начинает искать обходные пути. Меня зовут Никита Исаков и сегодня мы ",Никита Исаков | ИИ и Нейросети,2026-03-31T16:26:56Z,494,14,4,786,https://www.youtube.com/watch?v=dUcQHKI4TTE
R_NqcM_xgfg,Testing Claude Sonnet 4.6 in Power BI - AI-Powered Dashboard Analysis,"In this video, we test Claude Sonnet 4.6 — one of the newest AI models — integrated directly into a Power BI dashboard for real-time data analysis.

We use a Corporate IT Spend sample dataset and ask the AI two key questions:

1. Analyze Actual vs Plan by IT Area
   - The AI identifies that Infrastructure is the sole over-plan performer at +48%
   - All other IT areas under-delivered relative to budget
   - Detailed breakdown with variance analysis

2. Analyze Actual by Period and Business Area
   - Infrastructure dominates at ~$255M (30% of total spend)
   - Dramatic universal spike in Period 12 across 5 of 7 business areas
   - Pattern detection: stable areas, anomalies, and seasonal trends

Key Takeaways:
- Claude Sonnet 4.6 delivers fast, accurate, and detailed financial analysis
- AI assistants in Power BI enable natural-language insights without complex report navigation
- Great for quick decision-making and executive-level summaries

Visit www.pbi-ai-agent.com for more info in t",PBI AI Agent,2026-03-29T13:51:13Z,28,0,0,189,https://www.youtube.com/watch?v=R_NqcM_xgfg
NmiKo_KBq38,"Maximize Claude Code credits with one hidden command. Opus handles strategy, Sonnet does the rest.",,Nick Sadler,2026-04-03T23:22:59Z,3027,339,8,50,https://www.youtube.com/watch?v=NmiKo_KBq38
PPArCzgp43M,Claude Code 2.0 is HERE 🤯 | Sonnet 4.5 Agents Change Everything,"Explore the next evolution of AI coding with Claude Code 2.0, powered by Anthropic’s latest Sonnet 4.5 model. This update introduces powerful new AI agents capable of handling long-running tasks, deeper context understanding, and more autonomous development workflows.",Evolving Gen,2026-03-29T18:38:37Z,0,0,0,550,https://www.youtube.com/watch?v=PPArCzgp43M
6SnFH43qPAw,5 Open Source Repos That Make Claude Code UNSTOPPABLE (March 2026),"⚡Master Claude Code, Build Your Agency, Land Your First Client⚡
https://www.skool.com/chase-ai

🔥FREE community🔥
https://www.skool.com/chase-ai-community/

💻 Need custom work? Book a consult 💻
https://chaseai.io

It feels like every day there's a new open source GitHub repo changing the way we use Claude Code. So to cut through the noise, in this video I'm breaking down 5 of my favorite open source repos that all came out this month. We start with Karpathy's AutoResearch - the hottest repo on GitHub right now - and I give you the honest breakdown of what it can actually do versus what people are overhyping it for (hint: if a machine can't score it with a yes or no, the loop is just vibes). Then we get into OpenSpace, CLI-Anything, Claude Peers MCP, and Google Workspace CLI - all of which integrate with Claude Code and all launched in March 2026.

---

Repos talked about in this video:

AutoResearch - https://github.com/karpathy/autoresearch
OpenSpace - https://github.com/HKUDS/OpenSpac",Chase AI,2026-03-28T18:44:54Z,45240,1264,51,928,https://www.youtube.com/watch?v=6SnFH43qPAw
EEP9B2GyuQk,Claude Opus Reasoning on Your GPU for Free (Qwen 3.5 + Claude Code + Ollama),"Claude Code is powerful, but it costs money. Every prompt burns API tokens and your code is sent to external servers.

What if you could run the same Claude Code workflow, but powered by a free local model on your own machine?

Meet Qwen 3.5, a 27 billion parameter model distilled from Claude 4.6 Opus reasoning traces. It beats Claude Sonnet 4.5 on SWE-bench, retains 97% HumanEval accuracy, and fits on a single GPU with just 16GB of VRAM.

In this video, I set it up on a GPU server and show it doing real coding tasks through Claude Code:

→ Writing async Python with proper error handling
→ Finding and fixing bugs in broken code
→ Building a full dark-theme landing page with Tailwind CSS
→ All running locally, no API key, no internet, no cost

⏱️ TIMESTAMPS
0:00 - The result (local model coding in Claude Code)
0:18 - The problem with API costs
0:35 - What is Qwen 3.5?
0:55 - GPU specs (NVIDIA A40, but 16GB VRAM is enough)
1:10 - Installing Ollama + Claude Code
1:45 - Pulling the Qwen 3.",AyyazTech,2026-04-01T21:27:50Z,1487,27,5,392,https://www.youtube.com/watch?v=EEP9B2GyuQk
tyNd0wG424Y,I Built a Website That Publishes Itself With Claude Code in 22 Minutes (Part 2),"In Part 1, we built the anti-slop frontend. In Part 2, we're building the brain.

I've set up a fully autonomous publishing machine that wakes up every morning at 8am and publishes SEO-dense, GEO-optimised articles to my blog without me touching a thing. This is the agentic layer. This is what digital sovereignty actually looks like.

I'm open-sourcing the entire build. Both GitHub repos and CLAUDE.md files are free. 

Just drop them into Claude Code and it guides you through the setup step-by-step. If in doubt, just ask your AI when things get technical. The Claude.md file is the tutorial.

Here's the step by step process:

1. Clone the frontend starter repo

2. Get your backend infrastructure (Supabase and Cloudflare) set up using the CLAUDE.md files

3. Clone the backend repo in a new chat (same parent folder)

 4. Build your Content Corpus and train the AI on your brand voice, offers, and positioning
 
5. Run the Content Strategy Skill to generate topic clusters and fill your conte",Luke Carter ,2026-03-31T15:01:08Z,2491,137,33,1364,https://www.youtube.com/watch?v=tyNd0wG424Y
OIfRt1oyAss,Claude Opus 4.7 + Sonnet 4.8 + Mythos 5 ALL Leaked & New Claude Code Features!,"👩🏻‍🏫 Learn full-stack & AI with Scrimba - Start FREE and get 20% OFF Pro: https://scrimba.com/?via=worldofai

Huge Anthropic leak alert! Claude Code’s source just revealed internal model codenames, upcoming features, and massive hints about the future of Claude. In this video, we break down everything that leaked, including:

🔗 My Links:
Sponsor a Video or Do a Demo of Your Product, Contact me: intheworldzofai@gmail.com
🔥 Become a Patron (Private Discord): https://patreon.com/WorldofAi
🧠 Follow me on Twitter: https://twitter.com/intheworldofai 
🚨 Subscribe To The SECOND Channel: https://www.youtube.com/@UCYwLV1gDwzGbg7jXQ52bVnQ 
👩🏻‍🏫 Learn to code with Scrimba – from fullstack to AI https://scrimba.com/?via=worldofai (20% OFF)
🚨 Subscribe To The FREE AI Newsletter For Regular AI Updates: https://intheworldofai.com/
👾 Join the World of AI Discord! : https://discord.gg/NPf8FCn4cD

Something coming soon :) https://www.skool.com/worldofai-automation

[Must Watch]:
Claude Code Computer Use ",WorldofAI,2026-04-01T06:28:00Z,33423,627,81,635,https://www.youtube.com/watch?v=OIfRt1oyAss
ATnBLX2KJUg,How to use Claude Sonnet in Microsoft Copilot,"Ever wondered what happens when Microsoft Copilot gets powered by Claude Sonnet? In this video, I walk you through exactly how to use Claude Sonnet inside Microsoft Copilot — what it is, how to access it, and what makes it different from the standard Copilot experience.

Whether you're a business owner, IT professional, or just someone who wants to get more out of Microsoft 365, this video will show you how to take advantage of one of the most powerful AI models available right inside the tools you already use every day.

***My Computer Setup***
Elgato Stream Deck - https://amzn.to/2KGDvRY
AMD Ryzen 7 3700x - https://amzn.to/3hlU5m8
MSI NVIDIA GeForce GTX 1660 Ti - https://amzn.to/3mSwuL9
Samsung QVO 1TB SSD - https://amzn.to/3nQXMTv
Samsung EVO 500GB - https://amzn.to/3pnA0i8
Kingston 16GB DDR4 RAM x 2 - https://amzn.to/34LyONU
HP E273 Display x2 - https://amzn.to/3hobwCO
Logitech C920 Webcam - https://amzn.to/3mKZu7u",Jake Gardner,2026-03-29T04:22:23Z,133,1,0,301,https://www.youtube.com/watch?v=ATnBLX2KJUg
IaG5Ii6E2WQ,Claude Code + Ollama = Free Unlimited Coding AI,"Want to use Claude Code without burning through your API tokens? In this video, we show you how to connect Claude Code to your local Ollama server for free, unlimited AI coding assistance!
Welcome back to The Bulldog Tech!
 
Today, we walk through exactly how to configure Claude Code to communicate with a local Ollama instance running on a separate network machine.

We step away from the default Claude online models (like Sonnet) and show you how to run powerful local open-source models directly inside your terminal.

Watch as we troubleshoot connection errors, dynamically fetch available models, and build a custom Windows PowerShell script to easily select and switch between your local models—such as Llama 3.1, Llama 3.2, and Neatron 3 Super.

We also compare the response times and depth of answers between large and small models.
🚀 Why connect Claude Code to a local Ollama server?

Save Your Tokens: Preserve your Claude API tokens by routing smaller, non-time-sensitive requests to you",The Bulldog Tech,2026-03-28T18:30:09Z,2390,31,17,366,https://www.youtube.com/watch?v=IaG5Ii6E2WQ
Cw2vh9ioydM,"Claude Epitaxy, Mythos FAST Mode, Opus 4.7, Sonnet 4.8, Leaks: This is CRAZY!!!","In this video, I'll be talking about the latest Anthropic leaks, including the rumored Epitaxy interface, the Mythos or Capybara model story, and why this may be a much bigger Claude product shift than most people realize. I also break down what is actually visible in the leaked clips and why a unified Claude Code, Claude Desktop, and web workflow could matter more than the model leak itself.

--
Key Takeaways:

🔥 Epitaxy appears to be a rumored new Claude interface that could unify local and web-based task execution in one place.  
🖥️ The leaked UI shows Claude Code-style controls like Local, Select folder, worktree, auto-accept edits, and a model picker.  
🌐 One leaked clip reportedly shows a claude dot ai slash epitaxy route, making the feature look more like a real internal build than a mockup.  
🧠 Mythos and Capybara may be two names for the same unreleased Anthropic frontier model rather than separate launches.  
⚙️ The leaked model details suggest stronger coding, reasoning, and",AICodeKing,2026-04-01T07:33:06Z,6085,157,15,721,https://www.youtube.com/watch?v=Cw2vh9ioydM
